seed,fold,id,I,U
20260927,0,BD_20191014_S2B_MSIL2A_20191014T042729_R133_T46RCN_20201004T021555_0,202544,220229
20260927,0,BD_20191014_S2B_MSIL2A_20191014T042729_R133_T46RCN_20201004T021555_1,157489,184812
20260927,0,BD_20191014_S2B_MSIL2A_20191014T042729_R133_T46RCN_20201004T021555_2,187958,196740
20260927,0,BD_20191014_S2B_MSIL2A_20191014T042729_R133_T46RCN_20201004T021555_3,168292,191763
20260927,0,BD_20191014_S2B_MSIL2A_20191014T042729_R133_T46RBN_20201004T021557_0,58,2595
20260927,0,BD_20191014_S2B_MSIL2A_20191014T042729_R133_T46RBN_20201004T021557_1,214,1580
20260927,0,BD_20191014_S2B_MSIL2A_20191014T042729_R133_T46RBN_20201004T021557_2,1514,11173
20260927,0,BD_20191014_S2B_MSIL2A_20191014T042729_R133_T46RBN_20201004T021557_3,402,3466
20260927,0,BD_20191014_S2B_MSIL2A_20191014T042729_R133_T46QCL_20201004T021556_0,1959,6052
20260927,0,BD_20191014_S2B_MSIL2A_20191014T042729_R133_T46QBM_20201004T021553_0,1643,6942
20260927,0,BD_20191014_S2B_MSIL2A_20191014T042729_R133_T46QBM_20201004T021553_1,4398,16131
20260927,0,BD_20191014_S2B_MSIL2A_20191014T042729_R133_T46QBM_20201004T021553_2,5298,17010
20260927,0,BD_20191014_S2B_MSIL2A_20191014T042729_R133_T46QBM_20201004T021553_3,14870,31923
20260927,0,BD_20191014_S2B_MSIL2A_20191014T042729_R133_T46QBL_20201106T054822_0,83375,115140
20260927,0,BD_20191014_S2B_MSIL2A_20191014T042729_R133_T46QBL_20201106T054822_1,134206,197031
20260927,0,BD_20191014_S2B_MSIL2A_20191014T042729_R133_T46QBL_20201106T054822_2,130122,177711
20260927,0,BD_20191014_S2B_MSIL2A_20191014T042729_R133_T46QBL_20201106T054822_3,111225,179120
20260927,0,BD_20191014_S2B_MSIL2A_20191014T042729_R133_T46QBK_20201004T021632_0,490,4712
20260927,0,BD_20191014_S2B_MSIL2A_20191014T042729_R133_T46QBK_20201004T021632_1,4245,8458
20260927,0,BD_20191014_S2B_MSIL2A_20191014T042729_R133_T46QBK_20201004T021632_2,197,4040
20260927,0,BD_20191014_S2B_MSIL2A_20191014T042729_R133_T46QBK_20201004T021632_3,9698,16504
20260927,0,BD_20191014_S2B_MSIL2A_20191014T042729_R133_T45RZH_20201106T054830_0,531,6602
20260927,0,BD_20191014_S2B_MSIL2A_20191014T042729_R133_T45RZH_20201106T054830_1,12,1456
20260927,0,BD_20191014_S2B_MSIL2A_20191014T042729_R133_T45RZH_20201106T054830_2,583,1897
20260927,0,BD_20191014_S2B_MSIL2A_20191014T042729_R133_T45RZH_20201106T054830_3,522,2485
20260927,0,BD_20191014_S2B_MSIL2A_20191014T042729_R133_T45RYJ_20201004T021546_0,14262,28561
20260927,0,BD_20191014_S2B_MSIL2A_20191014T042729_R133_T45RYJ_20201004T021546_1,12730,21676
20260927,0,BD_20191014_S2B_MSIL2A_20191014T042729_R133_T45RYJ_20201004T021546_2,6357,9923
20260927,0,BD_20191014_S2B_MSIL2A_20191014T042729_R133_T45RYJ_20201004T021546_3,10140,19442
20260927,0,BD_20191014_S2B_MSIL2A_20191014T042729_R133_T45RYH_20201004T021550_0,130714,155057
20260927,0,BD_20191014_S2B_MSIL2A_20191014T042729_R133_T45RYH_20201004T021550_1,177591,203904
20260927,0,BD_20191014_S2B_MSIL2A_20191014T042729_R133_T45RYH_20201004T021550_2,154844,184381
20260927,0,BD_20191014_S2B_MSIL2A_20191014T042729_R133_T45RYH_20201004T021550_3,89196,139334
20260927,0,BD_20191014_S2B_MSIL2A_20191014T042729_R133_T45QZG_20201004T021558_0,148732,183628
20260927,0,BD_20191014_S2B_MSIL2A_20191014T042729_R133_T45QZG_20201004T021558_1,100500,104332
20260927,0,BD_20191014_S2B_MSIL2A_20191014T042729_R133_T45QZG_20201004T021558_2,1618,6048
20260927,0,BD_20191014_S2B_MSIL2A_20191014T042729_R133_T45QZG_20201004T021558_3,2587,9866
20260927,0,BD_20191014_S2B_MSIL2A_20191014T042729_R133_T45QZF_20201004T021553_0,559,4293
20260927,0,BD_20191014_S2B_MSIL2A_20191014T042729_R133_T45QZF_20201004T021553_1,24320,44464
20260927,0,BD_20191014_S2B_MSIL2A_20191014T042729_R133_T45QZF_20201004T021553_2,26405,43576
20260927,0,BD_20191014_S2B_MSIL2A_20191014T042729_R133_T45QZF_20201004T021553_3,39003,55633
20260927,0,BD_20191014_S2B_MSIL2A_20191014T042729_R133_T45QZE_20201004T021552_0,417,6142
20260927,0,BD_20191014_S2B_MSIL2A_20191014T042729_R133_T45QZE_20201004T021552_1,97020,100168
20260927,0,BD_20191014_S2B_MSIL2A_20191014T042729_R133_T45QZE_20201004T021552_2,220,4338
20260927,0,BD_20191014_S2B_MSIL2A_20191014T042729_R133_T45QZE_20201004T021552_3,64624,87570
20260927,0,BD_20191014_S2B_MSIL2A_20191014T042729_R133_T45QYG_20201004T021549_0,7686,13146
20260927,0,BD_20191014_S2B_MSIL2A_20191014T042729_R133_T45QYG_20201004T021549_1,4370,9572
20260927,0,BD_20191014_S2B_MSIL2A_20191014T042729_R133_T45QYG_20201004T021549_2,11052,26423
20260927,0,BD_20191014_S2B_MSIL2A_20191014T042729_R133_T45QYG_20201004T021549_3,6632,13128
20260927,0,BD_20191014_S2B_MSIL2A_20191014T042729_R133_T45QYF_20201004T021551_0,116,2396
20260927,0,BD_20191014_S2B_MSIL2A_20191014T042729_R133_T45QYF_20201004T021551_1,15649,49513
20260927,0,BD_20191014_S2B_MSIL2A_20191014T042729_R133_T45QYF_20201004T021551_2,1048,5105
20260927,0,BD_20191014_S2B_MSIL2A_20191014T042729_R133_T45QYF_20201004T021551_3,927,4721
20260927,0,BD_20191014_S2B_MSIL2A_20191014T042729_R133_T45QYE_20201004T021550_0,121973,139953
20260927,0,BD_20191014_S2B_MSIL2A_20191014T042729_R133_T45QYE_20201004T021550_1,102549,115500
20260927,0,BD_20191014_S2B_MSIL2A_20191014T042729_R133_T45QYE_20201004T021550_2,87308,99755
20260927,0,BD_20191014_S2B_MSIL2A_20191014T042729_R133_T45QYE_20201004T021550_3,80778,95046
20260927,0,BD_20191004_S2B_MSIL2A_20191004T042709_R133_T45QYE_20201003T223244_0,52577,58189
20260927,0,BD_20191004_S2B_MSIL2A_20191004T042709_R133_T45QYE_20201003T223244_1,31513,39289
20260927,0,BD_20190922_S2A_MSIL2A_20190922T043701_R033_T45QXG_20201004T155721_0,1536,3003
20260927,0,BD_20190922_S2A_MSIL2A_20190922T043701_R033_T45QXG_20201004T155721_1,7195,12980
20260927,0,BD_20190922_S2A_MSIL2A_20190922T043701_R033_T45QXG_20201004T155721_2,3097,4614
20260927,0,BD_20190922_S2A_MSIL2A_20190922T043701_R033_T45QXG_20201004T155721_3,1271,2580
20260927,0,BD_20190922_S2A_MSIL2A_20190922T043701_R033_T45QXF_20201004T155721_0,1987,3776
20260927,0,BD_20190922_S2A_MSIL2A_20190922T043701_R033_T45QXF_20201004T155721_1,2103,3681
20260927,0,BD_20190922_S2A_MSIL2A_20190922T043701_R033_T45QXF_20201004T155721_2,3382,4607
20260927,0,BD_20190922_S2A_MSIL2A_20190922T043701_R033_T45QXF_20201004T155721_3,17981,23474
20260927,0,BD_20201015_S2B_MSIL2A_20201015T041739_R090_T46RDN_20201019T094119_0,11025,22301
20260927,0,BD_20201015_S2B_MSIL2A_20201015T041739_R090_T46RDN_20201019T094119_1,17147,37390
20260927,0,BD_20201011_S2B_MSIL2A_20201011T043719_R033_T45RYJ_20201014T022018_0,55073,72825
20260927,0,BD_20201011_S2B_MSIL2A_20201011T043719_R033_T45RYJ_20201014T022018_1,12322,18997
20260927,0,BD_20201011_S2B_MSIL2A_20201011T043719_R033_T45RYJ_20201014T022018_2,72327,109590
20260927,0,BD_20201011_S2B_MSIL2A_20201011T043719_R033_T45RYJ_20201014T022018_3,53975,74289
20260927,0,BD_20201008_S2B_MSIL2A_20201008T042709_R133_T46RCN_20201010T103919_0,209556,223856
20260927,0,BD_20201008_S2B_MSIL2A_20201008T042709_R133_T46RCN_20201010T103919_1,196237,209588
20260927,0,BD_20201008_S2B_MSIL2A_20201008T042709_R133_T46RBN_20201010T103924_0,8507,15962
20260927,0,BD_20201008_S2B_MSIL2A_20201008T042709_R133_T46RBN_20201010T103924_1,39705,67975
20260927,0,BD_20201008_S2B_MSIL2A_20201008T042709_R133_T46QBL_20201010T103924_0,163171,201465
20260927,0,BD_20201008_S2B_MSIL2A_20201008T042709_R133_T45RZH_20201027T125009_0,99458,124644
20260927,0,BD_20201008_S2B_MSIL2A_20201008T042709_R133_T45RZH_20201027T125009_1,68278,85872
20260927,0,BD_20211031_S2A_MSIL2A_20211031T043931_R033_T45QYG_20211031T144226_0,8585,19350
20260927,0,BD_20211031_S2A_MSIL2A_20211031T043931_R033_T45QYG_20211031T144226_1,4519,11925
20260927,0,BD_20211031_S2A_MSIL2A_20211031T043931_R033_T45QYG_20211031T144226_2,7548,13754
20260927,0,BD_20211031_S2A_MSIL2A_20211031T043931_R033_T45QYG_20211031T144226_3,32605,51879
20260927,0,BD_20211031_S2A_MSIL2A_20211031T043931_R033_T45QYF_20211031T152155_0,6132,11833
20260927,0,BD_20211031_S2A_MSIL2A_20211031T043931_R033_T45QXF_20211031T144847_0,4175,9310
20260927,0,BD_20211031_S2A_MSIL2A_20211031T043931_R033_T45QXF_20211031T144847_1,21817,27552
20260927,0,BD_20211031_S2A_MSIL2A_20211031T043931_R033_T45QXF_20211031T144847_2,7947,10546
20260927,0,BD_20211031_S2A_MSIL2A_20211031T043931_R033_T45QXF_20211031T144847_3,6311,9531
20260927,0,BD_20210926_S2B_MSIL2A_20210926T043659_R033_T45RYJ_20210927T010924_0,5975,10328
20260927,0,BD_20210925_S2A_MSIL2A_20210925T041551_R090_T46RDN_20210926T015537_0,11028,23669
20260927,0,BD_20210925_S2A_MSIL2A_20210925T041551_R090_T46RDN_20210926T015537_1,11085,15039
20260927,0,BD_20210925_S2A_MSIL2A_20210925T041551_R090_T46RDN_20210926T015537_2,30436,44816
20260927,0,BD_20210925_S2A_MSIL2A_20210925T041551_R090_T46RDN_20210926T015537_3,13221,17882
20260927,0,BD_20221015_S2B_MSIL2A_20221015T041739_R090_T46QCK_20221015T192901_0,70858,90405
20260927,0,BD_20221015_S2B_MSIL2A_20221015T041739_R090_T46QCK_20221015T192901_1,28636,33452
20260927,0,BD_20221015_S2B_MSIL2A_20221015T041739_R090_T46QCK_20221015T192901_2,143753,154220
20260927,0,BD_20221015_S2B_MSIL2A_20221015T041739_R090_T46QCK_20221015T192901_3,27826,40478
20260927,0,BD_20221008_S2B_MSIL2A_20221008T042659_R133_T46QBM_20240718T082048_0,53345,72008
20260927,0,BD_20221008_S2B_MSIL2A_20221008T042659_R133_T46QBL_20240718T082048_0,149643,162999
20260927,0,BD_20221008_S2B_MSIL2A_20221008T042659_R133_T45QZG_20240718T082048_0,6528,11505
20260927,0,BD_20221008_S2B_MSIL2A_20221008T042659_R133_T45QZG_20240718T082048_1,112774,143988
20260927,0,BD_20221008_S2B_MSIL2A_20221008T042659_R133_T45QYG_20240718T082048_0,61456,70996
20260927,0,BD_20221008_S2B_MSIL2A_20221008T042659_R133_T45QYG_20240718T082048_1,185084,196028
20260927,0,BD_20221008_S2B_MSIL2A_20221008T042659_R133_T45QYE_20240718T082048_0,131411,177536
20260927,0,BD_20221008_S2B_MSIL2A_20221008T042659_R133_T45QYE_20240718T082048_1,18786,27803
20260927,0,BD_20220908_S2B_MSIL2A_20220908T042709_R133_T46RDN_20220911T113356_0,66323,83724
20260927,0,BD_20220908_S2B_MSIL2A_20220908T042709_R133_T46RDN_20220911T113356_2,69453,102302
20260927,0,BD_20220908_S2B_MSIL2A_20220908T042709_R133_T46RDN_20220911T113356_3,15353,31340
20260927,0,BD_20220908_S2B_MSIL2A_20220908T042709_R133_T46RCN_20220911T114330_0,191650,212855
20260927,0,BD_20220908_S2B_MSIL2A_20220908T042709_R133_T46RCN_20220911T114330_1,190601,218847
20260927,0,BD_20220908_S2B_MSIL2A_20220908T042709_R133_T46RCN_20220911T114330_2,208017,220155
20260927,0,BD_20220908_S2B_MSIL2A_20220908T042709_R133_T46RCN_20220911T114330_3,178325,199790
20260927,0,BD_20231026_S2B_MSIL2A_20231026T043849_R033_T45RYK_20241121T122521_0,42333,62032
20260927,0,BD_20231026_S2B_MSIL2A_20231026T043849_R033_T45RYK_20231026T084342_0,22358,35906
20260927,0,BD_20231026_S2B_MSIL2A_20231026T043849_R033_T45RYK_20231026T084342_1,42282,62045
20260927,0,BD_20231026_S2B_MSIL2A_20231026T043849_R033_T45RXK_20241121T122521_0,7619,14281
20260927,0,BD_20231026_S2B_MSIL2A_20231026T043849_R033_T45RXK_20241121T122521_1,9468,15290
20260927,0,BD_20231026_S2B_MSIL2A_20231026T043849_R033_T45RXK_20231026T084147_0,7599,14314
20260927,0,BD_20231026_S2B_MSIL2A_20231026T043849_R033_T45RXK_20231026T084147_1,9473,15300
20260927,0,BD_20231026_S2B_MSIL2A_20231026T043849_R033_T45QYG_20241121T122521_0,15581,19866
20260927,0,BD_20231026_S2B_MSIL2A_20231026T043849_R033_T45QYG_20241121T122521_1,9214,12558
20260927,0,BD_20231026_S2B_MSIL2A_20231026T043849_R033_T45QYG_20241121T122521_2,16695,18935
20260927,0,BD_20231026_S2B_MSIL2A_20231026T043849_R033_T45QYG_20241121T122521_3,11949,14736
20260927,0,BD_20231026_S2B_MSIL2A_20231026T043849_R033_T45QYG_20231026T082600_0,15527,19891
20260927,0,BD_20231026_S2B_MSIL2A_20231026T043849_R033_T45QYG_20231026T082600_1,9201,12562
20260927,0,BD_20231026_S2B_MSIL2A_20231026T043849_R033_T45QYG_20231026T082600_2,16676,18935
20260927,0,BD_20231026_S2B_MSIL2A_20231026T043849_R033_T45QYG_20231026T082600_3,11925,14773
20260927,0,BD_20231026_S2B_MSIL2A_20231026T043849_R033_T45QYF_20241121T122521_0,16571,29454
20260927,0,BD_20231026_S2B_MSIL2A_20231026T043849_R033_T45QYF_20241121T122521_1,6935,15986
20260927,0,BD_20231026_S2B_MSIL2A_20231026T043849_R033_T45QYF_20231026T082549_0,16473,29453
20260927,0,BD_20231026_S2B_MSIL2A_20231026T043849_R033_T45QYF_20231026T082549_1,6878,15981
20260927,0,BD_20231026_S2B_MSIL2A_20231026T043849_R033_T45QYE_20241121T122521_0,60537,70903
20260927,0,BD_20231026_S2B_MSIL2A_20231026T043849_R033_T45QYE_20231026T082359_0,60558,71028
20260927,0,BD_20231026_S2B_MSIL2A_20231026T043849_R033_T45QXG_20241121T122521_0,6314,13657
20260927,0,BD_20231026_S2B_MSIL2A_20231026T043849_R033_T45QXG_20231026T082608_0,5945,13156
20260927,0,BD_20231021_S2A_MSIL2A_20231021T043821_R033_T45RYJ_20231021T091852_0,28586,37640
20260927,0,BD_20231021_S2A_MSIL2A_20231021T043821_R033_T45RYJ_20231021T091852_1,25896,43437
20260927,0,BD_20231021_S2A_MSIL2A_20231021T043821_R033_T45RYJ_20231021T091852_2,8768,10360
20260927,0,BD_20231021_S2A_MSIL2A_20231021T043821_R033_T45RYJ_20231021T091852_3,51505,81939
20260927,0,BD_20230928_S2A_MSIL2A_20230928T042711_R133_T46RBN_20230928T091835_0,195147,204258
20260927,0,BD_20230928_S2A_MSIL2A_20230928T042711_R133_T46RBN_20230928T091835_1,94267,121935
20260927,0,BD_20230928_S2A_MSIL2A_20230928T042711_R133_T46RBN_20230928T091835_2,170744,195344
20260927,0,BD_20230928_S2A_MSIL2A_20230928T042711_R133_T45RZH_20230928T091839_0,119612,148201
20260927,0,BD_20230928_S2A_MSIL2A_20230928T042711_R133_T45RZH_20230928T091839_1,173934,208351
20260927,0,BD_20230915_S2A_MSIL2A_20230915T041551_R090_T46QCK_20241024T214401_0,3938,17827
20260927,0,BD_20230915_S2A_MSIL2A_20230915T041551_R090_T46QCK_20230915T113252_0,3937,17900
20260927,0,BD_20230903_S2B_MSIL2A_20230903T042709_R133_T46RDN_20240909T045314_0,69109,81363
20260927,0,BD_20230903_S2B_MSIL2A_20230903T042709_R133_T46RDN_20240909T045314_1,119191,148610
20260927,0,BD_20230903_S2B_MSIL2A_20230903T042709_R133_T46RDN_20240909T045314_2,70380,103218
20260927,0,BD_20230903_S2B_MSIL2A_20230903T042709_R133_T46RDN_20240909T045314_3,40521,87211
20260927,0,BD_20230903_S2B_MSIL2A_20230903T042709_R133_T46RDN_20230903T102509_0,70695,82945
20260927,0,BD_20230903_S2B_MSIL2A_20230903T042709_R133_T46RDN_20230903T102509_1,119342,148523
20260927,0,BD_20230903_S2B_MSIL2A_20230903T042709_R133_T46RDN_20230903T102509_2,70063,102809
20260927,0,BD_20230903_S2B_MSIL2A_20230903T042709_R133_T46RDN_20230903T102509_3,40539,87083
20260927,0,BD_20230903_S2B_MSIL2A_20230903T042709_R133_T46RCN_20240909T045314_0,212653,230511
20260927,0,BD_20230903_S2B_MSIL2A_20230903T042709_R133_T46RCN_20240909T045314_1,214716,231868
20260927,0,BD_20230903_S2B_MSIL2A_20230903T042709_R133_T46RCN_20240909T045314_2,195381,214915
20260927,0,BD_20230903_S2B_MSIL2A_20230903T042709_R133_T46RCN_20230903T102529_0,212730,230511
20260927,0,BD_20230903_S2B_MSIL2A_20230903T042709_R133_T46RCN_20230903T102529_1,211892,228764
20260927,0,BD_20230903_S2B_MSIL2A_20230903T042709_R133_T46RCN_20230903T102529_2,194717,213574
20260927,0,BD_20230901_S2A_MSIL2A_20230901T043711_R033_T45RXH_20240824T081357_0,27236,40210
20260927,1,BD_20191029_S2A_MSIL2A_20191029T042911_R133_T45QYE_20201004T071507_0,191309,207479
20260927,1,BD_20191029_S2A_MSIL2A_20191029T042911_R133_T45QYE_20201004T071507_1,181130,201569
20260927,1,BD_20191021_S2B_MSIL2A_20191021T041809_R090_T46QDL_20201004T044439_1,609,6866
20260927,1,BD_20191021_S2B_MSIL2A_20191021T041809_R090_T46QDK_20201004T044437_0,6687,16387
20260927,1,BD_20191021_S2B_MSIL2A_20191021T041809_R090_T46QDK_20201004T044437_1,10474,14603
20260927,1,BD_20191021_S2B_MSIL2A_20191021T041809_R090_T46QCK_20201004T044428_0,2124,6642
20260927,1,BD_20191021_S2B_MSIL2A_20191021T041809_R090_T46QCK_20201004T044428_1,21587,31689
20260927,1,BD_20191021_S2B_MSIL2A_20191021T041809_R090_T46QCK_20201004T044428_2,80924,97595
20260927,1,BD_20191019_S2A_MSIL2A_20191019T042801_R133_T46RBN_20201004T035415_0,187827,195085
20260927,1,BD_20191019_S2A_MSIL2A_20191019T042801_R133_T46RBN_20201004T035415_1,40699,69625
20260927,1,BD_20191019_S2A_MSIL2A_20191019T042801_R133_T46RBN_20201004T035415_2,123068,149843
20260927,1,BD_20191019_S2A_MSIL2A_20191019T042801_R133_T46QCM_20201004T035416_0,191861,206028
20260927,1,BD_20191019_S2A_MSIL2A_20191019T042801_R133_T46QCK_20201004T035410_0,27863,39560
20260927,1,BD_20191019_S2A_MSIL2A_20191019T042801_R133_T46QCK_20201004T035410_1,982,4320
20260927,1,BD_20191019_S2A_MSIL2A_20191019T042801_R133_T45RZH_20201004T035414_0,59593,91363
20260927,1,BD_20191019_S2A_MSIL2A_20191019T042801_R133_T45RZH_20201004T035414_1,120579,151820
20260927,1,BD_20190919_S2A_MSIL2A_20190919T042701_R133_T46RCN_20201004T144846_0,53732,79410
20260927,1,BD_20190919_S2A_MSIL2A_20190919T042701_R133_T46RCN_20201004T144846_1,45198,62007
20260927,1,BD_20190919_S2A_MSIL2A_20190919T042701_R133_T46RCN_20201004T144846_2,192515,217060
20260927,1,BD_20190919_S2A_MSIL2A_20190919T042701_R133_T46RCN_20201004T144846_3,199762,215161
20260927,1,BD_20190919_S2A_MSIL2A_20190919T042701_R133_T46QCM_20201004T144842_0,169109,188084
20260927,1,BD_20190919_S2A_MSIL2A_20190919T042701_R133_T46QCM_20201004T144842_1,138889,149270
20260927,1,BD_20190919_S2A_MSIL2A_20190919T042701_R133_T46QCM_20201004T144842_2,4936,10365
20260927,1,BD_20190919_S2A_MSIL2A_20190919T042701_R133_T46QCM_20201004T144842_3,26841,37845
20260927,1,BD_20190919_S2A_MSIL2A_20190919T042701_R133_T46QBL_20201004T144842_0,100954,114401
20260927,1,BD_20190919_S2A_MSIL2A_20190919T042701_R133_T46QBL_20201004T144842_1,139808,174805
20260927,1,BD_20190919_S2A_MSIL2A_20190919T042701_R133_T46QBL_20201004T144842_2,124703,156878
20260927,1,BD_20190919_S2A_MSIL2A_20190919T042701_R133_T45QYG_20201004T144834_0,194565,216754
20260927,1,BD_20190919_S2A_MSIL2A_20190919T042701_R133_T45QYG_20201004T144834_2,210292,222926
20260927,1,BD_20190919_S2A_MSIL2A_20190919T042701_R133_T45QYG_20201004T144834_3,95757,112261
20260927,1,BD_20190919_S2A_MSIL2A_20190919T042701_R133_T45QYF_20201004T144840_0,918,2304
20260927,1,BD_20200801_S2A_MSIL2A_20200801T041601_R090_T46QCK_20200815T165700_0,3446,28759
20260927,1,BD_20201013_S2A_MSIL2A_20201013T042731_R133_T46RBN_20201020T013450_0,202036,210235
20260927,1,BD_20201013_S2A_MSIL2A_20201013T042731_R133_T46RBN_20201020T013450_1,130203,151806
20260927,1,BD_20201013_S2A_MSIL2A_20201013T042731_R133_T46RBN_20201020T013450_2,205579,226486
20260927,1,BD_20201013_S2A_MSIL2A_20201013T042731_R133_T46QCK_20201015T061808_0,147224,170187
20260927,1,BD_20201013_S2A_MSIL2A_20201013T042731_R133_T46QCK_20201015T061808_1,16209,41659
20260927,1,BD_20201013_S2A_MSIL2A_20201013T042731_R133_T45RZH_20201020T014653_0,156745,178780
20260927,1,BD_20201013_S2A_MSIL2A_20201013T042731_R133_T45RZH_20201020T014653_1,213586,235539
20260927,1,BD_20211026_S2B_MSIL2A_20211026T043859_R033_T45QYF_20211026T154823_0,3102,8683
20260927,1,BD_20211026_S2B_MSIL2A_20211026T043859_R033_T45QYF_20211026T154823_1,8203,12895
20260927,1,BD_20211026_S2B_MSIL2A_20211026T043859_R033_T45QYF_20211026T154823_2,10975,17230
20260927,1,BD_20211026_S2B_MSIL2A_20211026T043859_R033_T45QYF_20211026T154823_3,7518,12014
20260927,1,BD_20211026_S2B_MSIL2A_20211026T043859_R033_T45QXF_20211026T150049_0,15275,24069
20260927,1,BD_20211026_S2B_MSIL2A_20211026T043859_R033_T45QXE_20211026T160504_0,121904,136068
20260927,1,BD_20210930_S2B_MSIL2A_20210930T041549_R090_T46QCK_20210930T143432_0,108413,120465
20260927,1,BD_20210930_S2B_MSIL2A_20210930T041549_R090_T46QCK_20210930T143432_1,43126,51020
20260927,1,BD_20210930_S2B_MSIL2A_20210930T041549_R090_T46QCK_20210930T143432_2,159755,177167
20260927,1,BD_20210903_S2B_MSIL2A_20210903T042659_R133_T46RCN_20210903T104628_0,60193,120452
20260927,1,BD_20210903_S2B_MSIL2A_20210903T042659_R133_T46RCN_20210903T104628_1,186533,220337
20260927,1,BD_20210903_S2B_MSIL2A_20210903T042659_R133_T46RBN_20210903T105009_0,206881,245912
20260927,1,BD_20220715_S2A_MSIL2A_20220715T042721_R133_T45RYJ_20220715T172542_0,87644,114377
20260927,1,BD_20220715_S2A_MSIL2A_20220715T042721_R133_T45RYJ_20220715T172542_1,6001,14614
20260927,1,BD_20220715_S2A_MSIL2A_20220715T042721_R133_T45RYJ_20220715T172542_2,18684,34352
20260927,1,BD_20220715_S2A_MSIL2A_20220715T042721_R133_T45RYJ_20220715T172542_3,24826,38265
20260927,1,BD_20220712_S2A_MSIL2A_20220712T041601_R090_T46QDK_20220713T170239_0,112473,133667
20260927,1,BD_20220712_S2A_MSIL2A_20220712T041601_R090_T46QDK_20220713T170239_1,118553,149757
20260927,1,BD_20221031_S2B_MSIL2A_20221031T043919_R033_T45RZH_20221031T135118_0,27531,41859
20260927,1,BD_20221031_S2B_MSIL2A_20221031T043919_R033_T45RZH_20221031T135118_1,4687,10814
20260927,1,BD_20221031_S2B_MSIL2A_20221031T043919_R033_T45RYK_20221031T142844_0,19552,29655
20260927,1,BD_20221031_S2B_MSIL2A_20221031T043919_R033_T45RYK_20221031T142844_1,37268,55857
20260927,1,BD_20221031_S2B_MSIL2A_20221031T043919_R033_T45RXK_20221031T141525_0,8487,17796
20260927,1,BD_20221031_S2B_MSIL2A_20221031T043919_R033_T45QYG_20221031T134132_0,17836,23169
20260927,1,BD_20221031_S2B_MSIL2A_20221031T043919_R033_T45QYG_20221031T134132_1,9963,13914
20260927,1,BD_20221031_S2B_MSIL2A_20221031T043919_R033_T45QYG_20221031T134132_2,16974,19408
20260927,1,BD_20221031_S2B_MSIL2A_20221031T043919_R033_T45QYG_20221031T134132_3,8974,13711
20260927,1,BD_20221031_S2B_MSIL2A_20221031T043919_R033_T45QXG_20221031T150505_0,7060,14525
20260927,1,BD_20221031_S2B_MSIL2A_20221031T043919_R033_T45QXG_20221031T150505_1,2423,9108
20260927,1,BD_20221028_S2B_MSIL2A_20221028T042859_R133_T46RDN_20221028T170817_0,30408,52376
20260927,1,BD_20221028_S2B_MSIL2A_20221028T042859_R133_T46RDN_20221028T170817_1,57069,76902
20260927,1,BD_20221028_S2B_MSIL2A_20221028T042859_R133_T46RDN_20221028T170817_2,43808,67321
20260927,1,BD_20221028_S2B_MSIL2A_20221028T042859_R133_T46RDN_20221028T170817_3,9737,17984
20260927,1,BD_20221028_S2B_MSIL2A_20221028T042859_R133_T46RCN_20221028T170917_1,17378,43256
20260927,1,BD_20221028_S2B_MSIL2A_20221028T042859_R133_T46RCN_20221028T170917_2,19065,45270
20260927,1,BD_20221028_S2B_MSIL2A_20221028T042859_R133_T46RCN_20221028T170917_3,183191,211104
20260927,1,BD_20221028_S2B_MSIL2A_20221028T042859_R133_T46RBN_20221028T170155_0,207945,248289
20260927,1,BD_20221028_S2B_MSIL2A_20221028T042859_R133_T46RBN_20221028T170155_1,190806,218209
20260927,1,BD_20221028_S2B_MSIL2A_20221028T042859_R133_T46RBN_20221028T170155_2,126664,159711
20260927,1,BD_20221028_S2B_MSIL2A_20221028T042859_R133_T46QCM_20221028T170331_0,208075,222728
20260927,1,BD_20221028_S2B_MSIL2A_20221028T042859_R133_T46QCM_20221028T170331_1,195239,216907
20260927,1,BD_20221028_S2B_MSIL2A_20221028T042859_R133_T46QCM_20221028T170331_2,208128,222016
20260927,1,BD_20221028_S2B_MSIL2A_20221028T042859_R133_T46QCM_20221028T170331_3,180548,196993
20260927,1,BD_20221028_S2B_MSIL2A_20221028T042859_R133_T46QCL_20221028T165007_0,5242,9676
20260927,1,BD_20221028_S2B_MSIL2A_20221028T042859_R133_T46QBM_20240802T023230_0,80425,98212
20260927,1,BD_20221028_S2B_MSIL2A_20221028T042859_R133_T46QBM_20240802T023230_1,180648,193852
20260927,1,BD_20221028_S2B_MSIL2A_20221028T042859_R133_T46QBM_20240802T023230_2,14015,30812
20260927,1,BD_20221028_S2B_MSIL2A_20221028T042859_R133_T46QBM_20240802T023230_3,155698,170419
20260927,1,BD_20221028_S2B_MSIL2A_20221028T042859_R133_T46QBM_20221028T172452_0,80856,98028
20260927,1,BD_20221028_S2B_MSIL2A_20221028T042859_R133_T46QBM_20221028T172452_1,180780,193713
20260927,1,BD_20221028_S2B_MSIL2A_20221028T042859_R133_T46QBM_20221028T172452_2,14162,30615
20260927,1,BD_20221028_S2B_MSIL2A_20221028T042859_R133_T46QBM_20221028T172452_3,155794,170290
20260927,1,BD_20221028_S2B_MSIL2A_20221028T042859_R133_T46QBL_20221028T164547_0,32549,66363
20260927,1,BD_20221028_S2B_MSIL2A_20221028T042859_R133_T46QBL_20221028T164547_1,34046,50439
20260927,1,BD_20221028_S2B_MSIL2A_20221028T042859_R133_T46QBL_20221028T164547_2,5640,15491
20260927,1,BD_20221028_S2B_MSIL2A_20221028T042859_R133_T46QBL_20221028T164547_3,52859,77132
20260927,1,BD_20221028_S2B_MSIL2A_20221028T042859_R133_T45RZH_20221028T174257_0,104105,138652
20260927,1,BD_20221028_S2B_MSIL2A_20221028T042859_R133_T45QZG_20221028T161658_0,110645,131789
20260927,1,BD_20221028_S2B_MSIL2A_20221028T042859_R133_T45QZG_20221028T161658_1,16128,31843
20260927,1,BD_20221028_S2B_MSIL2A_20221028T042859_R133_T45QZG_20221028T161658_2,152935,166055
20260927,1,BD_20221028_S2B_MSIL2A_20221028T042859_R133_T45QZG_20221028T161658_3,5886,15418
20260927,1,BD_20221028_S2B_MSIL2A_20221028T042859_R133_T45QZF_20221028T163158_0,28484,67999
20260927,1,BD_20221028_S2B_MSIL2A_20221028T042859_R133_T45QZF_20221028T163158_1,23623,35370
20260927,1,BD_20221028_S2B_MSIL2A_20221028T042859_R133_T45QZF_20221028T163158_2,5115,13887
20260927,1,BD_20221028_S2B_MSIL2A_20221028T042859_R133_T45QZF_20221028T163158_3,31818,56391
20260927,1,BD_20221026_S2A_MSIL2A_20221026T043901_R033_T45QYG_20221026T160658_0,42538,68812
20260927,1,BD_20221026_S2A_MSIL2A_20221026T043901_R033_T45QXF_20221026T171409_1,11433,17289
20260927,1,BD_20221026_S2A_MSIL2A_20221026T043901_R033_T45QXF_20221026T171409_2,6496,11784
20260927,1,BD_20221026_S2A_MSIL2A_20221026T043901_R033_T45QXF_20221026T171409_3,14444,18599
20260927,1,BD_20221021_S2B_MSIL2A_20221021T043819_R033_T45RYJ_20221022T080153_0,2300,13283
20260927,1,BD_20221021_S2B_MSIL2A_20221021T043819_R033_T45RYJ_20221022T080153_1,47108,62766
20260927,1,BD_20221021_S2B_MSIL2A_20221021T043819_R033_T45RYJ_20221022T080153_2,8533,14453
20260927,1,BD_20221021_S2B_MSIL2A_20221021T043819_R033_T45QYG_20221022T071910_0,7923,19851
20260927,1,BD_20221021_S2B_MSIL2A_20221021T043819_R033_T45QYG_20221022T071910_1,3929,10780
20260927,1,BD_20221021_S2B_MSIL2A_20221021T043819_R033_T45QYG_20221022T071910_2,6344,12687
20260927,1,BD_20221021_S2B_MSIL2A_20221021T043819_R033_T45QYG_20221022T071910_3,20780,39144
20260927,1,BD_20221021_S2B_MSIL2A_20221021T043819_R033_T45QYF_20221022T075410_0,5979,11447
20260927,1,BD_20221021_S2B_MSIL2A_20221021T043819_R033_T45QYF_20221022T075410_1,9404,12633
20260927,1,BD_20221021_S2B_MSIL2A_20221021T043819_R033_T45QYF_20221022T075410_2,7801,10245
20260927,1,BD_20221021_S2B_MSIL2A_20221021T043819_R033_T45QYF_20221022T075410_3,11491,15599
20260927,1,BD_20221021_S2B_MSIL2A_20221021T043819_R033_T45QYE_20221022T082708_0,116580,139762
20260927,1,BD_20221021_S2B_MSIL2A_20221021T043819_R033_T45QYE_20221022T082708_1,140095,160269
20260927,1,BD_20221021_S2B_MSIL2A_20221021T043819_R033_T45QYE_20221022T082708_2,117123,135638
20260927,1,BD_20221021_S2B_MSIL2A_20221021T043819_R033_T45QYE_20221022T082708_3,194156,211220
20260927,1,BD_20221021_S2B_MSIL2A_20221021T043819_R033_T45QXG_20221022T073945_0,3420,10023
20260927,1,BD_20221021_S2B_MSIL2A_20221021T043819_R033_T45QXG_20221022T073945_1,23518,27596
20260927,1,BD_20221021_S2B_MSIL2A_20221021T043819_R033_T45QXG_20221022T073945_2,19341,32786
20260927,1,BD_20221021_S2B_MSIL2A_20221021T043819_R033_T45QXG_20221022T073945_3,9725,24258
20260927,1,BD_20221021_S2B_MSIL2A_20221021T043819_R033_T45QXF_20221022T075849_0,22323,35369
20260927,1,BD_20221021_S2B_MSIL2A_20221021T043819_R033_T45QXF_20221022T075849_1,6992,10796
20260927,1,BD_20221021_S2B_MSIL2A_20221021T043819_R033_T45QXF_20221022T075849_2,8092,13658
20260927,1,BD_20221021_S2B_MSIL2A_20221021T043819_R033_T45QXF_20221022T075849_3,38989,48003
20260927,1,BD_20221021_S2B_MSIL2A_20221021T043819_R033_T45QXE_20221022T072338_0,108772,130735
20260927,1,BD_20220928_S2B_MSIL2A_20220928T042709_R133_T45RZH_20220928T190004_0,31696,49258
20260927,1,BD_20220928_S2B_MSIL2A_20220928T042709_R133_T45RZH_20220928T190004_3,37775,60569
20260927,1,BD_20220928_S2B_MSIL2A_20220928T042709_R133_T45RYJ_20220928T190933_0,30948,40828
20260927,1,BD_20220928_S2B_MSIL2A_20220928T042709_R133_T45RYJ_20220928T190933_1,10934,17106
20260927,1,BD_20220928_S2B_MSIL2A_20220928T042709_R133_T45RYJ_20220928T190933_2,5863,8806
20260927,1,BD_20220928_S2B_MSIL2A_20220928T042709_R133_T45RYH_20220928T180809_0,183157,205358
20260927,1,BD_20220928_S2B_MSIL2A_20220928T042709_R133_T45RYH_20220928T180809_1,176436,207858
20260927,1,BD_20220928_S2B_MSIL2A_20220928T042709_R133_T45RYH_20220928T180809_2,103986,150359
20260927,1,BD_20220928_S2B_MSIL2A_20220928T042709_R133_T45RYH_20220928T180809_3,120307,173658
20260927,1,BD_20231016_S2B_MSIL2A_20231016T043749_R033_T45RYJ_20241108T183400_1,17522,39151
20260927,1,BD_20231016_S2B_MSIL2A_20231016T043749_R033_T45RYJ_20241108T183400_2,59123,101857
20260927,1,BD_20231016_S2B_MSIL2A_20231016T043749_R033_T45RYJ_20231016T094425_1,17559,39151
20260927,1,BD_20231016_S2B_MSIL2A_20231016T043749_R033_T45RYJ_20231016T094425_2,59448,102118
20260927,1,BD_20231016_S2B_MSIL2A_20231016T043749_R033_T45QYF_20231016T094446_0,5372,11388
20260927,1,BD_20231016_S2B_MSIL2A_20231016T043749_R033_T45QYF_20231016T094446_1,7499,9972
20260927,1,BD_20231016_S2B_MSIL2A_20231016T043749_R033_T45QYF_20231016T094446_2,10833,17337
20260927,1,BD_20231016_S2B_MSIL2A_20231016T043749_R033_T45QYF_20231016T094446_3,8180,12505
20260927,1,BD_20231016_S2B_MSIL2A_20231016T043749_R033_T45QYE_20231016T091545_0,131558,149143
20260927,1,BD_20231016_S2B_MSIL2A_20231016T043749_R033_T45QYE_20231016T091545_1,143799,163574
20260927,1,BD_20231016_S2B_MSIL2A_20231016T043749_R033_T45QYE_20231016T091545_2,126899,140949
20260927,1,BD_20231016_S2B_MSIL2A_20231016T043749_R033_T45QYE_20231016T091545_3,193404,213297
20260927,1,BD_20231016_S2B_MSIL2A_20231016T043749_R033_T45QXF_20231016T094049_0,21243,30258
20260927,1,BD_20231016_S2B_MSIL2A_20231016T043749_R033_T45QXF_20231016T094049_1,5861,16294
20260927,1,BD_20231016_S2B_MSIL2A_20231016T043749_R033_T45QXE_20241108T183400_0,122878,137530
20260927,1,BD_20231016_S2B_MSIL2A_20231016T043749_R033_T45QXE_20231016T093000_0,122786,137629
20260927,1,BD_20231010_S2B_MSIL2A_20231010T041709_R090_T46QCJ_20241106T012434_0,146486,160825
20260927,1,BD_20231010_S2B_MSIL2A_20231010T041709_R090_T46QCJ_20241106T012434_1,103826,110947
20260927,1,BD_20231010_S2B_MSIL2A_20231010T041709_R090_T46QCJ_20231010T102303_0,146521,160787
20260927,1,BD_20231010_S2B_MSIL2A_20231010T041709_R090_T46QCJ_20231010T102303_1,103845,110883
1,0,BD_20191014_S2B_MSIL2A_20191014T042729_R133_T46RCN_20201004T021555_0,201774,219132
1,0,BD_20191014_S2B_MSIL2A_20191014T042729_R133_T46RCN_20201004T021555_1,158131,188039
1,0,BD_20191014_S2B_MSIL2A_20191014T042729_R133_T46RCN_20201004T021555_2,187503,196439
1,0,BD_20191014_S2B_MSIL2A_20191014T042729_R133_T46RCN_20201004T021555_3,167484,188518
1,0,BD_20191014_S2B_MSIL2A_20191014T042729_R133_T46RBN_20201004T021557_0,59,2586
1,0,BD_20191014_S2B_MSIL2A_20191014T042729_R133_T46RBN_20201004T021557_1,278,1689
1,0,BD_20191014_S2B_MSIL2A_20191014T042729_R133_T46RBN_20201004T021557_2,1462,11165
1,0,BD_20191014_S2B_MSIL2A_20191014T042729_R133_T46RBN_20201004T021557_3,177,3116
1,0,BD_20191014_S2B_MSIL2A_20191014T042729_R133_T46QCL_20201004T021556_0,2067,6162
1,0,BD_20191014_S2B_MSIL2A_20191014T042729_R133_T46QBM_20201004T021553_0,1292,6714
1,0,BD_20191014_S2B_MSIL2A_20191014T042729_R133_T46QBM_20201004T021553_1,4441,17516
1,0,BD_20191014_S2B_MSIL2A_20191014T042729_R133_T46QBM_20201004T021553_2,6628,20247
1,0,BD_20191014_S2B_MSIL2A_20191014T042729_R133_T46QBM_20201004T021553_3,16972,35729
1,0,BD_20191014_S2B_MSIL2A_20191014T042729_R133_T46QBL_20201106T054822_0,80900,113687
1,0,BD_20191014_S2B_MSIL2A_20191014T042729_R133_T46QBL_20201106T054822_1,132198,196913
1,0,BD_20191014_S2B_MSIL2A_20191014T042729_R133_T46QBL_20201106T054822_2,132608,179356
1,0,BD_20191014_S2B_MSIL2A_20191014T042729_R133_T46QBL_20201106T054822_3,107483,172440
1,0,BD_20191014_S2B_MSIL2A_20191014T042729_R133_T46QBK_20201004T021632_0,535,2937
1,0,BD_20191014_S2B_MSIL2A_20191014T042729_R133_T46QBK_20201004T021632_1,4122,8400
1,0,BD_20191014_S2B_MSIL2A_20191014T042729_R133_T46QBK_20201004T021632_2,632,4557
1,0,BD_20191014_S2B_MSIL2A_20191014T042729_R133_T46QBK_20201004T021632_3,9873,16591
1,0,BD_20191014_S2B_MSIL2A_20191014T042729_R133_T45RZH_20201106T054830_0,414,6534
1,0,BD_20191014_S2B_MSIL2A_20191014T042729_R133_T45RZH_20201106T054830_1,138,1546
1,0,BD_20191014_S2B_MSIL2A_20191014T042729_R133_T45RZH_20201106T054830_2,468,1733
1,0,BD_20191014_S2B_MSIL2A_20191014T042729_R133_T45RZH_20201106T054830_3,541,2545
1,0,BD_20191014_S2B_MSIL2A_20191014T042729_R133_T45RYJ_20201004T021546_0,13925,29370
1,0,BD_20191014_S2B_MSIL2A_20191014T042729_R133_T45RYJ_20201004T021546_1,12090,21435
1,0,BD_20191014_S2B_MSIL2A_20191014T042729_R133_T45RYJ_20201004T021546_2,5869,9687
1,0,BD_20191014_S2B_MSIL2A_20191014T042729_R133_T45RYJ_20201004T021546_3,9741,19492
1,0,BD_20191014_S2B_MSIL2A_20191014T042729_R133_T45RYH_20201004T021550_0,129532,152777
1,0,BD_20191014_S2B_MSIL2A_20191014T042729_R133_T45RYH_20201004T021550_1,175552,203499
1,0,BD_20191014_S2B_MSIL2A_20191014T042729_R133_T45RYH_20201004T021550_2,155859,185116
1,0,BD_20191014_S2B_MSIL2A_20191014T042729_R133_T45RYH_20201004T021550_3,90736,145171
1,0,BD_20191014_S2B_MSIL2A_20191014T042729_R133_T45QZG_20201004T021558_0,146241,182224
1,0,BD_20191014_S2B_MSIL2A_20191014T042729_R133_T45QZG_20201004T021558_1,100448,104211
1,0,BD_20191014_S2B_MSIL2A_20191014T042729_R133_T45QZG_20201004T021558_2,1124,5002
1,0,BD_20191014_S2B_MSIL2A_20191014T042729_R133_T45QZG_20201004T021558_3,2722,10253
1,0,BD_20191014_S2B_MSIL2A_20191014T042729_R133_T45QZF_20201004T021553_0,394,4281
1,0,BD_20191014_S2B_MSIL2A_20191014T042729_R133_T45QZF_20201004T021553_1,25307,44930
1,0,BD_20191014_S2B_MSIL2A_20191014T042729_R133_T45QZF_20201004T021553_2,27140,44738
1,0,BD_20191014_S2B_MSIL2A_20191014T042729_R133_T45QZF_20201004T021553_3,39434,56068
1,0,BD_20191014_S2B_MSIL2A_20191014T042729_R133_T45QZE_20201004T021552_0,114,1985
1,0,BD_20191014_S2B_MSIL2A_20191014T042729_R133_T45QZE_20201004T021552_1,97004,99657
1,0,BD_20191014_S2B_MSIL2A_20191014T042729_R133_T45QZE_20201004T021552_2,95,3182
1,0,BD_20191014_S2B_MSIL2A_20191014T042729_R133_T45QZE_20201004T021552_3,64221,75785
1,0,BD_20191014_S2B_MSIL2A_20191014T042729_R133_T45QYG_20201004T021549_0,6395,12939
1,0,BD_20191014_S2B_MSIL2A_20191014T042729_R133_T45QYG_20201004T021549_1,4202,9689
1,0,BD_20191014_S2B_MSIL2A_20191014T042729_R133_T45QYG_20201004T021549_2,11312,28677
1,0,BD_20191014_S2B_MSIL2A_20191014T042729_R133_T45QYG_20201004T021549_3,6288,12676
1,0,BD_20191014_S2B_MSIL2A_20191014T042729_R133_T45QYF_20201004T021551_0,257,2348
1,0,BD_20191014_S2B_MSIL2A_20191014T042729_R133_T45QYF_20201004T021551_1,15045,57619
1,0,BD_20191014_S2B_MSIL2A_20191014T042729_R133_T45QYF_20201004T021551_2,1086,5265
1,0,BD_20191014_S2B_MSIL2A_20191014T042729_R133_T45QYF_20201004T021551_3,705,4817
1,0,BD_20191014_S2B_MSIL2A_20191014T042729_R133_T45QYE_20201004T021550_0,117853,139243
1,0,BD_20191014_S2B_MSIL2A_20191014T042729_R133_T45QYE_20201004T021550_1,101421,115184
1,0,BD_20191014_S2B_MSIL2A_20191014T042729_R133_T45QYE_20201004T021550_2,85180,99204
1,0,BD_20191014_S2B_MSIL2A_20191014T042729_R133_T45QYE_20201004T021550_3,75663,93262
1,0,BD_20191004_S2B_MSIL2A_20191004T042709_R133_T45QYE_20201003T223244_0,52834,58619
1,0,BD_20191004_S2B_MSIL2A_20191004T042709_R133_T45QYE_20201003T223244_1,30850,39308
1,0,BD_20190922_S2A_MSIL2A_20190922T043701_R033_T45QXG_20201004T155721_0,1665,3268
1,0,BD_20190922_S2A_MSIL2A_20190922T043701_R033_T45QXG_20201004T155721_1,6865,13220
1,0,BD_20190922_S2A_MSIL2A_20190922T043701_R033_T45QXG_20201004T155721_2,2973,4684
1,0,BD_20190922_S2A_MSIL2A_20190922T043701_R033_T45QXG_20201004T155721_3,1277,2695
1,0,BD_20190922_S2A_MSIL2A_20190922T043701_R033_T45QXF_20201004T155721_0,2105,4567
1,0,BD_20190922_S2A_MSIL2A_20190922T043701_R033_T45QXF_20201004T155721_1,2068,3712
1,0,BD_20190922_S2A_MSIL2A_20190922T043701_R033_T45QXF_20201004T155721_2,3070,4647
1,0,BD_20190922_S2A_MSIL2A_20190922T043701_R033_T45QXF_20201004T155721_3,17792,22803
1,0,BD_20201015_S2B_MSIL2A_20201015T041739_R090_T46RDN_20201019T094119_0,10521,21776
1,0,BD_20201015_S2B_MSIL2A_20201015T041739_R090_T46RDN_20201019T094119_1,15876,37563
1,0,BD_20201011_S2B_MSIL2A_20201011T043719_R033_T45RYJ_20201014T022018_0,57216,75488
1,0,BD_20201011_S2B_MSIL2A_20201011T043719_R033_T45RYJ_20201014T022018_1,12129,18470
1,0,BD_20201011_S2B_MSIL2A_20201011T043719_R033_T45RYJ_20201014T022018_2,64510,109581
1,0,BD_20201011_S2B_MSIL2A_20201011T043719_R033_T45RYJ_20201014T022018_3,55919,88442
1,0,BD_20201008_S2B_MSIL2A_20201008T042709_R133_T46RCN_20201010T103919_0,208425,223292
1,0,BD_20201008_S2B_MSIL2A_20201008T042709_R133_T46RCN_20201010T103919_1,194872,208800
1,0,BD_20201008_S2B_MSIL2A_20201008T042709_R133_T46RBN_20201010T103924_0,8054,15856
1,0,BD_20201008_S2B_MSIL2A_20201008T042709_R133_T46RBN_20201010T103924_1,37344,67707
1,0,BD_20201008_S2B_MSIL2A_20201008T042709_R133_T46QBL_20201010T103924_0,160936,200017
1,0,BD_20201008_S2B_MSIL2A_20201008T042709_R133_T45RZH_20201027T125009_0,98420,125483
1,0,BD_20201008_S2B_MSIL2A_20201008T042709_R133_T45RZH_20201027T125009_1,68353,85908
1,0,BD_20211031_S2A_MSIL2A_20211031T043931_R033_T45QYG_20211031T144226_0,7327,18724
1,0,BD_20211031_S2A_MSIL2A_20211031T043931_R033_T45QYG_20211031T144226_1,2437,11175
1,0,BD_20211031_S2A_MSIL2A_20211031T043931_R033_T45QYG_20211031T144226_2,6759,13277
1,0,BD_20211031_S2A_MSIL2A_20211031T043931_R033_T45QYG_20211031T144226_3,29571,45963
1,0,BD_20211031_S2A_MSIL2A_20211031T043931_R033_T45QYF_20211031T152155_0,5738,11699
1,0,BD_20211031_S2A_MSIL2A_20211031T043931_R033_T45QXF_20211031T144847_0,3748,9422
1,0,BD_20211031_S2A_MSIL2A_20211031T043931_R033_T45QXF_20211031T144847_1,21817,27752
1,0,BD_20211031_S2A_MSIL2A_20211031T043931_R033_T45QXF_20211031T144847_2,8341,12218
1,0,BD_20211031_S2A_MSIL2A_20211031T043931_R033_T45QXF_20211031T144847_3,6248,9600
1,0,BD_20210926_S2B_MSIL2A_20210926T043659_R033_T45RYJ_20210927T010924_0,4769,9921
1,0,BD_20210925_S2A_MSIL2A_20210925T041551_R090_T46RDN_20210926T015537_0,10616,23672
1,0,BD_20210925_S2A_MSIL2A_20210925T041551_R090_T46RDN_20210926T015537_1,10904,15021
1,0,BD_20210925_S2A_MSIL2A_20210925T041551_R090_T46RDN_20210926T015537_2,29688,43889
1,0,BD_20210925_S2A_MSIL2A_20210925T041551_R090_T46RDN_20210926T015537_3,12911,17632
1,0,BD_20221015_S2B_MSIL2A_20221015T041739_R090_T46QCK_20221015T192901_0,71166,96800
1,0,BD_20221015_S2B_MSIL2A_20221015T041739_R090_T46QCK_20221015T192901_1,28474,34198
1,0,BD_20221015_S2B_MSIL2A_20221015T041739_R090_T46QCK_20221015T192901_2,141138,154029
1,0,BD_20221015_S2B_MSIL2A_20221015T041739_R090_T46QCK_20221015T192901_3,28968,41755
1,0,BD_20221008_S2B_MSIL2A_20221008T042659_R133_T46QBM_20240718T082048_0,55520,77813
1,0,BD_20221008_S2B_MSIL2A_20221008T042659_R133_T46QBL_20240718T082048_0,148116,162441
1,0,BD_20221008_S2B_MSIL2A_20221008T042659_R133_T45QZG_20240718T082048_0,6172,11898
1,0,BD_20221008_S2B_MSIL2A_20221008T042659_R133_T45QZG_20240718T082048_1,115081,149866
1,0,BD_20221008_S2B_MSIL2A_20221008T042659_R133_T45QYG_20240718T082048_0,63889,76636
1,0,BD_20221008_S2B_MSIL2A_20221008T042659_R133_T45QYG_20240718T082048_1,186257,199083
1,0,BD_20221008_S2B_MSIL2A_20221008T042659_R133_T45QYE_20240718T082048_0,125689,162663
1,0,BD_20221008_S2B_MSIL2A_20221008T042659_R133_T45QYE_20240718T082048_1,13513,27639
1,0,BD_20220908_S2B_MSIL2A_20220908T042709_R133_T46RDN_20220911T113356_0,67201,85032
1,0,BD_20220908_S2B_MSIL2A_20220908T042709_R133_T46RDN_20220911T113356_2,69978,103047
1,0,BD_20220908_S2B_MSIL2A_20220908T042709_R133_T46RDN_20220911T113356_3,14936,30677
1,0,BD_20220908_S2B_MSIL2A_20220908T042709_R133_T46RCN_20220911T114330_0,191532,213188
1,0,BD_20220908_S2B_MSIL2A_20220908T042709_R133_T46RCN_20220911T114330_1,190535,219822
1,0,BD_20220908_S2B_MSIL2A_20220908T042709_R133_T46RCN_20220911T114330_2,207159,218196
1,0,BD_20220908_S2B_MSIL2A_20220908T042709_R133_T46RCN_20220911T114330_3,178651,199813
1,0,BD_20231026_S2B_MSIL2A_20231026T043849_R033_T45RYK_20241121T122521_0,42964,66009
1,0,BD_20231026_S2B_MSIL2A_20231026T043849_R033_T45RYK_20231026T084342_0,22156,36019
1,0,BD_20231026_S2B_MSIL2A_20231026T043849_R033_T45RYK_20231026T084342_1,42906,66028
1,0,BD_20231026_S2B_MSIL2A_20231026T043849_R033_T45RXK_20241121T122521_0,7356,13767
1,0,BD_20231026_S2B_MSIL2A_20231026T043849_R033_T45RXK_20241121T122521_1,8910,14684
1,0,BD_20231026_S2B_MSIL2A_20231026T043849_R033_T45RXK_20231026T084147_0,7335,13801
1,0,BD_20231026_S2B_MSIL2A_20231026T043849_R033_T45RXK_20231026T084147_1,8907,14702
1,0,BD_20231026_S2B_MSIL2A_20231026T043849_R033_T45QYG_20241121T122521_0,15437,20022
1,0,BD_20231026_S2B_MSIL2A_20231026T043849_R033_T45QYG_20241121T122521_1,9437,13666
1,0,BD_20231026_S2B_MSIL2A_20231026T043849_R033_T45QYG_20241121T122521_2,16477,18923
1,0,BD_20231026_S2B_MSIL2A_20231026T043849_R033_T45QYG_20241121T122521_3,11918,15242
1,0,BD_20231026_S2B_MSIL2A_20231026T043849_R033_T45QYG_20231026T082600_0,15379,20051
1,0,BD_20231026_S2B_MSIL2A_20231026T043849_R033_T45QYG_20231026T082600_1,9417,13677
1,0,BD_20231026_S2B_MSIL2A_20231026T043849_R033_T45QYG_20231026T082600_2,16457,18924
1,0,BD_20231026_S2B_MSIL2A_20231026T043849_R033_T45QYG_20231026T082600_3,11891,15282
1,0,BD_20231026_S2B_MSIL2A_20231026T043849_R033_T45QYF_20241121T122521_0,16448,29056
1,0,BD_20231026_S2B_MSIL2A_20231026T043849_R033_T45QYF_20241121T122521_1,7414,16252
1,0,BD_20231026_S2B_MSIL2A_20231026T043849_R033_T45QYF_20231026T082549_0,16346,29059
1,0,BD_20231026_S2B_MSIL2A_20231026T043849_R033_T45QYF_20231026T082549_1,7353,16251
1,0,BD_20231026_S2B_MSIL2A_20231026T043849_R033_T45QYE_20241121T122521_0,60196,70596
1,0,BD_20231026_S2B_MSIL2A_20231026T043849_R033_T45QYE_20231026T082359_0,60214,70724
1,0,BD_20231026_S2B_MSIL2A_20231026T043849_R033_T45QXG_20241121T122521_0,5870,13784
1,0,BD_20231026_S2B_MSIL2A_20231026T043849_R033_T45QXG_20231026T082608_0,5546,13238
1,0,BD_20231021_S2A_MSIL2A_20231021T043821_R033_T45RYJ_20231021T091852_0,29326,38891
1,0,BD_20231021_S2A_MSIL2A_20231021T043821_R033_T45RYJ_20231021T091852_1,29227,55728
1,0,BD_20231021_S2A_MSIL2A_20231021T043821_R033_T45RYJ_20231021T091852_2,8812,10775
1,0,BD_20231021_S2A_MSIL2A_20231021T043821_R033_T45RYJ_20231021T091852_3,59302,107911
1,0,BD_20230928_S2A_MSIL2A_20230928T042711_R133_T46RBN_20230928T091835_0,195647,205404
1,0,BD_20230928_S2A_MSIL2A_20230928T042711_R133_T46RBN_20230928T091835_1,100047,126092
1,0,BD_20230928_S2A_MSIL2A_20230928T042711_R133_T46RBN_20230928T091835_2,168722,192818
1,0,BD_20230928_S2A_MSIL2A_20230928T042711_R133_T45RZH_20230928T091839_0,123563,150913
1,0,BD_20230928_S2A_MSIL2A_20230928T042711_R133_T45RZH_20230928T091839_1,173252,201063
1,0,BD_20230915_S2A_MSIL2A_20230915T041551_R090_T46QCK_20241024T214401_0,5960,19176
1,0,BD_20230915_S2A_MSIL2A_20230915T041551_R090_T46QCK_20230915T113252_0,5979,19229
1,0,BD_20230903_S2B_MSIL2A_20230903T042709_R133_T46RDN_20240909T045314_0,69392,82130
1,0,BD_20230903_S2B_MSIL2A_20230903T042709_R133_T46RDN_20240909T045314_1,119969,149887
1,0,BD_20230903_S2B_MSIL2A_20230903T042709_R133_T46RDN_20240909T045314_2,71539,104692
1,0,BD_20230903_S2B_MSIL2A_20230903T042709_R133_T46RDN_20240909T045314_3,38121,86708
1,0,BD_20230903_S2B_MSIL2A_20230903T042709_R133_T46RDN_20230903T102509_0,70995,83628
1,0,BD_20230903_S2B_MSIL2A_20230903T042709_R133_T46RDN_20230903T102509_1,120117,149803
1,0,BD_20230903_S2B_MSIL2A_20230903T042709_R133_T46RDN_20230903T102509_2,71285,104278
1,0,BD_20230903_S2B_MSIL2A_20230903T042709_R133_T46RDN_20230903T102509_3,38136,86583
1,0,BD_20230903_S2B_MSIL2A_20230903T042709_R133_T46RCN_20240909T045314_0,212319,230460
1,0,BD_20230903_S2B_MSIL2A_20230903T042709_R133_T46RCN_20240909T045314_1,214449,231949
1,0,BD_20230903_S2B_MSIL2A_20230903T042709_R133_T46RCN_20240909T045314_2,194826,215261
1,0,BD_20230903_S2B_MSIL2A_20230903T042709_R133_T46RCN_20230903T102529_0,212418,230438
1,0,BD_20230903_S2B_MSIL2A_20230903T042709_R133_T46RCN_20230903T102529_1,211637,228821
1,0,BD_20230903_S2B_MSIL2A_20230903T042709_R133_T46RCN_20230903T102529_2,194248,213870
1,0,BD_20230901_S2A_MSIL2A_20230901T043711_R033_T45RXH_20240824T081357_0,26281,39781
1,1,BD_20191029_S2A_MSIL2A_20191029T042911_R133_T45QYE_20201004T071507_0,196571,217657
1,1,BD_20191029_S2A_MSIL2A_20191029T042911_R133_T45QYE_20201004T071507_1,184980,206047
1,1,BD_20191021_S2B_MSIL2A_20191021T041809_R090_T46QDL_20201004T044439_1,673,7259
1,1,BD_20191021_S2B_MSIL2A_20191021T041809_R090_T46QDK_20201004T044437_0,6777,17652
1,1,BD_20191021_S2B_MSIL2A_20191021T041809_R090_T46QDK_20201004T044437_1,10690,15535
1,1,BD_20191021_S2B_MSIL2A_20191021T041809_R090_T46QCK_20201004T044428_0,2030,16833
1,1,BD_20191021_S2B_MSIL2A_20191021T041809_R090_T46QCK_20201004T044428_1,22124,34212
1,1,BD_20191021_S2B_MSIL2A_20191021T041809_R090_T46QCK_20201004T044428_2,81898,104021
1,1,BD_20191019_S2A_MSIL2A_20191019T042801_R133_T46RBN_20201004T035415_0,187721,194880
1,1,BD_20191019_S2A_MSIL2A_20191019T042801_R133_T46RBN_20201004T035415_1,42034,71552
1,1,BD_20191019_S2A_MSIL2A_20191019T042801_R133_T46RBN_20201004T035415_2,124026,153222
1,1,BD_20191019_S2A_MSIL2A_20191019T042801_R133_T46QCM_20201004T035416_0,193756,214657
1,1,BD_20191019_S2A_MSIL2A_20191019T042801_R133_T46QCK_20201004T035410_0,28708,40497
1,1,BD_20191019_S2A_MSIL2A_20191019T042801_R133_T46QCK_20201004T035410_1,1281,4520
1,1,BD_20191019_S2A_MSIL2A_20191019T042801_R133_T45RZH_20201004T035414_0,62186,94258
1,1,BD_20191019_S2A_MSIL2A_20191019T042801_R133_T45RZH_20201004T035414_1,121488,156241
1,1,BD_20190919_S2A_MSIL2A_20190919T042701_R133_T46RCN_20201004T144846_0,55390,80803
1,1,BD_20190919_S2A_MSIL2A_20190919T042701_R133_T46RCN_20201004T144846_1,44678,60682
1,1,BD_20190919_S2A_MSIL2A_20190919T042701_R133_T46RCN_20201004T144846_2,203309,220215
1,1,BD_20190919_S2A_MSIL2A_20190919T042701_R133_T46RCN_20201004T144846_3,202136,220180
1,1,BD_20190919_S2A_MSIL2A_20190919T042701_R133_T46QCM_20201004T144842_0,172669,194470
1,1,BD_20190919_S2A_MSIL2A_20190919T042701_R133_T46QCM_20201004T144842_1,141767,163168
1,1,BD_20190919_S2A_MSIL2A_20190919T042701_R133_T46QCM_20201004T144842_2,5842,11787
1,1,BD_20190919_S2A_MSIL2A_20190919T042701_R133_T46QCM_20201004T144842_3,27719,38622
1,1,BD_20190919_S2A_MSIL2A_20190919T042701_R133_T46QBL_20201004T144842_0,103762,118151
1,1,BD_20190919_S2A_MSIL2A_20190919T042701_R133_T46QBL_20201004T144842_1,143776,179583
1,1,BD_20190919_S2A_MSIL2A_20190919T042701_R133_T46QBL_20201004T144842_2,129658,165335
1,1,BD_20190919_S2A_MSIL2A_20190919T042701_R133_T45QYG_20201004T144834_0,196092,224751
1,1,BD_20190919_S2A_MSIL2A_20190919T042701_R133_T45QYG_20201004T144834_2,211743,229319
1,1,BD_20190919_S2A_MSIL2A_20190919T042701_R133_T45QYG_20201004T144834_3,96863,116035
1,1,BD_20190919_S2A_MSIL2A_20190919T042701_R133_T45QYF_20201004T144840_0,996,2323
1,1,BD_20200801_S2A_MSIL2A_20200801T041601_R090_T46QCK_20200815T165700_0,7007,30865
1,1,BD_20201013_S2A_MSIL2A_20201013T042731_R133_T46RBN_20201020T013450_0,202284,210922
1,1,BD_20201013_S2A_MSIL2A_20201013T042731_R133_T46RBN_20201020T013450_1,131667,153805
1,1,BD_20201013_S2A_MSIL2A_20201013T042731_R133_T46RBN_20201020T013450_2,207146,232443
1,1,BD_20201013_S2A_MSIL2A_20201013T042731_R133_T46QCK_20201015T061808_0,147631,168976
1,1,BD_20201013_S2A_MSIL2A_20201013T042731_R133_T46QCK_20201015T061808_1,17832,43134
1,1,BD_20201013_S2A_MSIL2A_20201013T042731_R133_T45RZH_20201020T014653_0,158715,181660
1,1,BD_20201013_S2A_MSIL2A_20201013T042731_R133_T45RZH_20201020T014653_1,215455,242518
1,1,BD_20211026_S2B_MSIL2A_20211026T043859_R033_T45QYF_20211026T154823_0,3288,8945
1,1,BD_20211026_S2B_MSIL2A_20211026T043859_R033_T45QYF_20211026T154823_1,8216,13258
1,1,BD_20211026_S2B_MSIL2A_20211026T043859_R033_T45QYF_20211026T154823_2,11381,17262
1,1,BD_20211026_S2B_MSIL2A_20211026T043859_R033_T45QYF_20211026T154823_3,7296,12079
1,1,BD_20211026_S2B_MSIL2A_20211026T043859_R033_T45QXF_20211026T150049_0,15347,24175
1,1,BD_20211026_S2B_MSIL2A_20211026T043859_R033_T45QXE_20211026T160504_0,125905,140880
1,1,BD_20210930_S2B_MSIL2A_20210930T041549_R090_T46QCK_20210930T143432_0,108536,121318
1,1,BD_20210930_S2B_MSIL2A_20210930T041549_R090_T46QCK_20210930T143432_1,42454,52144
1,1,BD_20210930_S2B_MSIL2A_20210930T041549_R090_T46QCK_20210930T143432_2,160542,177816
1,1,BD_20210903_S2B_MSIL2A_20210903T042659_R133_T46RCN_20210903T104628_0,64027,122011
1,1,BD_20210903_S2B_MSIL2A_20210903T042659_R133_T46RCN_20210903T104628_1,193713,227134
1,1,BD_20210903_S2B_MSIL2A_20210903T042659_R133_T46RBN_20210903T105009_0,211529,248297
1,1,BD_20220715_S2A_MSIL2A_20220715T042721_R133_T45RYJ_20220715T172542_0,87946,118018
1,1,BD_20220715_S2A_MSIL2A_20220715T042721_R133_T45RYJ_20220715T172542_1,6527,15054
1,1,BD_20220715_S2A_MSIL2A_20220715T042721_R133_T45RYJ_20220715T172542_2,18577,35229
1,1,BD_20220715_S2A_MSIL2A_20220715T042721_R133_T45RYJ_20220715T172542_3,23939,37240
1,1,BD_20220712_S2A_MSIL2A_20220712T041601_R090_T46QDK_20220713T170239_0,113116,143549
1,1,BD_20220712_S2A_MSIL2A_20220712T041601_R090_T46QDK_20220713T170239_1,119312,162140
1,1,BD_20221031_S2B_MSIL2A_20221031T043919_R033_T45RZH_20221031T135118_0,29107,42925
1,1,BD_20221031_S2B_MSIL2A_20221031T043919_R033_T45RZH_20221031T135118_1,4756,10437
1,1,BD_20221031_S2B_MSIL2A_20221031T043919_R033_T45RYK_20221031T142844_0,18409,26627
1,1,BD_20221031_S2B_MSIL2A_20221031T043919_R033_T45RYK_20221031T142844_1,34610,49601
1,1,BD_20221031_S2B_MSIL2A_20221031T043919_R033_T45RXK_20221031T141525_0,7391,11874
1,1,BD_20221031_S2B_MSIL2A_20221031T043919_R033_T45QYG_20221031T134132_0,17255,22594
1,1,BD_20221031_S2B_MSIL2A_20221031T043919_R033_T45QYG_20221031T134132_1,9844,13687
1,1,BD_20221031_S2B_MSIL2A_20221031T043919_R033_T45QYG_20221031T134132_2,16817,19582
1,1,BD_20221031_S2B_MSIL2A_20221031T043919_R033_T45QYG_20221031T134132_3,8745,13640
1,1,BD_20221031_S2B_MSIL2A_20221031T043919_R033_T45QXG_20221031T150505_0,7702,15827
1,1,BD_20221031_S2B_MSIL2A_20221031T043919_R033_T45QXG_20221031T150505_1,2607,9314
1,1,BD_20221028_S2B_MSIL2A_20221028T042859_R133_T46RDN_20221028T170817_0,30355,51496
1,1,BD_20221028_S2B_MSIL2A_20221028T042859_R133_T46RDN_20221028T170817_1,56480,78397
1,1,BD_20221028_S2B_MSIL2A_20221028T042859_R133_T46RDN_20221028T170817_2,44364,69790
1,1,BD_20221028_S2B_MSIL2A_20221028T042859_R133_T46RDN_20221028T170817_3,9368,18007
1,1,BD_20221028_S2B_MSIL2A_20221028T042859_R133_T46RCN_20221028T170917_1,17250,40880
1,1,BD_20221028_S2B_MSIL2A_20221028T042859_R133_T46RCN_20221028T170917_2,18463,41391
1,1,BD_20221028_S2B_MSIL2A_20221028T042859_R133_T46RCN_20221028T170917_3,184308,211156
1,1,BD_20221028_S2B_MSIL2A_20221028T042859_R133_T46RBN_20221028T170155_0,211460,251056
1,1,BD_20221028_S2B_MSIL2A_20221028T042859_R133_T46RBN_20221028T170155_1,192966,220213
1,1,BD_20221028_S2B_MSIL2A_20221028T042859_R133_T46RBN_20221028T170155_2,129109,160249
1,1,BD_20221028_S2B_MSIL2A_20221028T042859_R133_T46QCM_20221028T170331_0,210780,229500
1,1,BD_20221028_S2B_MSIL2A_20221028T042859_R133_T46QCM_20221028T170331_1,206581,226759
1,1,BD_20221028_S2B_MSIL2A_20221028T042859_R133_T46QCM_20221028T170331_2,212587,230041
1,1,BD_20221028_S2B_MSIL2A_20221028T042859_R133_T46QCM_20221028T170331_3,184730,203211
1,1,BD_20221028_S2B_MSIL2A_20221028T042859_R133_T46QCL_20221028T165007_0,6107,10523
1,1,BD_20221028_S2B_MSIL2A_20221028T042859_R133_T46QBM_20240802T023230_0,83130,104851
1,1,BD_20221028_S2B_MSIL2A_20221028T042859_R133_T46QBM_20240802T023230_1,182465,202517
1,1,BD_20221028_S2B_MSIL2A_20221028T042859_R133_T46QBM_20240802T023230_2,15440,32832
1,1,BD_20221028_S2B_MSIL2A_20221028T042859_R133_T46QBM_20240802T023230_3,156427,172093
1,1,BD_20221028_S2B_MSIL2A_20221028T042859_R133_T46QBM_20221028T172452_0,83478,104750
1,1,BD_20221028_S2B_MSIL2A_20221028T042859_R133_T46QBM_20221028T172452_1,182535,202441
1,1,BD_20221028_S2B_MSIL2A_20221028T042859_R133_T46QBM_20221028T172452_2,15498,32724
1,1,BD_20221028_S2B_MSIL2A_20221028T042859_R133_T46QBM_20221028T172452_3,156509,171978
1,1,BD_20221028_S2B_MSIL2A_20221028T042859_R133_T46QBL_20221028T164547_0,34059,68122
1,1,BD_20221028_S2B_MSIL2A_20221028T042859_R133_T46QBL_20221028T164547_1,36070,52448
1,1,BD_20221028_S2B_MSIL2A_20221028T042859_R133_T46QBL_20221028T164547_2,6564,18476
1,1,BD_20221028_S2B_MSIL2A_20221028T042859_R133_T46QBL_20221028T164547_3,55783,78635
1,1,BD_20221028_S2B_MSIL2A_20221028T042859_R133_T45RZH_20221028T174257_0,106828,139363
1,1,BD_20221028_S2B_MSIL2A_20221028T042859_R133_T45QZG_20221028T161658_0,112333,139443
1,1,BD_20221028_S2B_MSIL2A_20221028T042859_R133_T45QZG_20221028T161658_1,16942,32675
1,1,BD_20221028_S2B_MSIL2A_20221028T042859_R133_T45QZG_20221028T161658_2,153761,167886
1,1,BD_20221028_S2B_MSIL2A_20221028T042859_R133_T45QZG_20221028T161658_3,6684,16929
1,1,BD_20221028_S2B_MSIL2A_20221028T042859_R133_T45QZF_20221028T163158_0,30521,71804
1,1,BD_20221028_S2B_MSIL2A_20221028T042859_R133_T45QZF_20221028T163158_1,24577,36726
1,1,BD_20221028_S2B_MSIL2A_20221028T042859_R133_T45QZF_20221028T163158_2,5829,15674
1,1,BD_20221028_S2B_MSIL2A_20221028T042859_R133_T45QZF_20221028T163158_3,35032,59588
1,1,BD_20221026_S2A_MSIL2A_20221026T043901_R033_T45QYG_20221026T160658_0,46537,69061
1,1,BD_20221026_S2A_MSIL2A_20221026T043901_R033_T45QXF_20221026T171409_1,12128,17657
1,1,BD_20221026_S2A_MSIL2A_20221026T043901_R033_T45QXF_20221026T171409_2,7249,12031
1,1,BD_20221026_S2A_MSIL2A_20221026T043901_R033_T45QXF_20221026T171409_3,14868,18876
1,1,BD_20221021_S2B_MSIL2A_20221021T043819_R033_T45RYJ_20221022T080153_0,5354,14411
1,1,BD_20221021_S2B_MSIL2A_20221021T043819_R033_T45RYJ_20221022T080153_1,46221,61280
1,1,BD_20221021_S2B_MSIL2A_20221021T043819_R033_T45RYJ_20221022T080153_2,8243,14005
1,1,BD_20221021_S2B_MSIL2A_20221021T043819_R033_T45QYG_20221022T071910_0,8427,20119
1,1,BD_20221021_S2B_MSIL2A_20221021T043819_R033_T45QYG_20221022T071910_1,3982,10823
1,1,BD_20221021_S2B_MSIL2A_20221021T043819_R033_T45QYG_20221022T071910_2,6539,12741
1,1,BD_20221021_S2B_MSIL2A_20221021T043819_R033_T45QYG_20221022T071910_3,24389,42627
1,1,BD_20221021_S2B_MSIL2A_20221021T043819_R033_T45QYF_20221022T075410_0,6081,11477
1,1,BD_20221021_S2B_MSIL2A_20221021T043819_R033_T45QYF_20221022T075410_1,9356,12508
1,1,BD_20221021_S2B_MSIL2A_20221021T043819_R033_T45QYF_20221022T075410_2,7742,10134
1,1,BD_20221021_S2B_MSIL2A_20221021T043819_R033_T45QYF_20221022T075410_3,11835,16984
1,1,BD_20221021_S2B_MSIL2A_20221021T043819_R033_T45QYE_20221022T082708_0,121393,143223
1,1,BD_20221021_S2B_MSIL2A_20221021T043819_R033_T45QYE_20221022T082708_1,147981,163883
1,1,BD_20221021_S2B_MSIL2A_20221021T043819_R033_T45QYE_20221022T082708_2,123252,138710
1,1,BD_20221021_S2B_MSIL2A_20221021T043819_R033_T45QYE_20221022T082708_3,193110,212926
1,1,BD_20221021_S2B_MSIL2A_20221021T043819_R033_T45QXG_20221022T073945_0,4015,10251
1,1,BD_20221021_S2B_MSIL2A_20221021T043819_R033_T45QXG_20221022T073945_1,23618,27585
1,1,BD_20221021_S2B_MSIL2A_20221021T043819_R033_T45QXG_20221022T073945_2,20225,32771
1,1,BD_20221021_S2B_MSIL2A_20221021T043819_R033_T45QXG_20221022T073945_3,13705,25049
1,1,BD_20221021_S2B_MSIL2A_20221021T043819_R033_T45QXF_20221022T075849_0,22354,29515
1,1,BD_20221021_S2B_MSIL2A_20221021T043819_R033_T45QXF_20221022T075849_1,6763,10388
1,1,BD_20221021_S2B_MSIL2A_20221021T043819_R033_T45QXF_20221022T075849_2,7992,13502
1,1,BD_20221021_S2B_MSIL2A_20221021T043819_R033_T45QXF_20221022T075849_3,40202,49811
1,1,BD_20221021_S2B_MSIL2A_20221021T043819_R033_T45QXE_20221022T072338_0,115879,136064
1,1,BD_20220928_S2B_MSIL2A_20220928T042709_R133_T45RZH_20220928T190004_0,33050,49675
1,1,BD_20220928_S2B_MSIL2A_20220928T042709_R133_T45RZH_20220928T190004_3,38878,60713
1,1,BD_20220928_S2B_MSIL2A_20220928T042709_R133_T45RYJ_20220928T190933_0,30348,39399
1,1,BD_20220928_S2B_MSIL2A_20220928T042709_R133_T45RYJ_20220928T190933_1,11270,17043
1,1,BD_20220928_S2B_MSIL2A_20220928T042709_R133_T45RYJ_20220928T190933_2,6015,9152
1,1,BD_20220928_S2B_MSIL2A_20220928T042709_R133_T45RYH_20220928T180809_0,186749,209583
1,1,BD_20220928_S2B_MSIL2A_20220928T042709_R133_T45RYH_20220928T180809_1,177645,211276
1,1,BD_20220928_S2B_MSIL2A_20220928T042709_R133_T45RYH_20220928T180809_2,106963,151700
1,1,BD_20220928_S2B_MSIL2A_20220928T042709_R133_T45RYH_20220928T180809_3,121482,171741
1,1,BD_20231016_S2B_MSIL2A_20231016T043749_R033_T45RYJ_20241108T183400_1,17749,40153
1,1,BD_20231016_S2B_MSIL2A_20231016T043749_R033_T45RYJ_20241108T183400_2,55046,100407
1,1,BD_20231016_S2B_MSIL2A_20231016T043749_R033_T45RYJ_20231016T094425_1,17876,40141
1,1,BD_20231016_S2B_MSIL2A_20231016T043749_R033_T45RYJ_20231016T094425_2,55223,100678
1,1,BD_20231016_S2B_MSIL2A_20231016T043749_R033_T45QYF_20231016T094446_0,6115,12052
1,1,BD_20231016_S2B_MSIL2A_20231016T043749_R033_T45QYF_20231016T094446_1,7542,10171
1,1,BD_20231016_S2B_MSIL2A_20231016T043749_R033_T45QYF_20231016T094446_2,11502,19313
1,1,BD_20231016_S2B_MSIL2A_20231016T043749_R033_T45QYF_20231016T094446_3,8360,11991
1,1,BD_20231016_S2B_MSIL2A_20231016T043749_R033_T45QYE_20231016T091545_0,136112,153451
1,1,BD_20231016_S2B_MSIL2A_20231016T043749_R033_T45QYE_20231016T091545_1,154316,165704
1,1,BD_20231016_S2B_MSIL2A_20231016T043749_R033_T45QYE_20231016T091545_2,133236,146345
1,1,BD_20231016_S2B_MSIL2A_20231016T043749_R033_T45QYE_20231016T091545_3,196148,215049
1,1,BD_20231016_S2B_MSIL2A_20231016T043749_R033_T45QXF_20231016T094049_0,21451,28339
1,1,BD_20231016_S2B_MSIL2A_20231016T043749_R033_T45QXF_20231016T094049_1,5736,16827
1,1,BD_20231016_S2B_MSIL2A_20231016T043749_R033_T45QXE_20241108T183400_0,129667,143517
1,1,BD_20231016_S2B_MSIL2A_20231016T043749_R033_T45QXE_20231016T093000_0,129600,143591
1,1,BD_20231010_S2B_MSIL2A_20231010T041709_R090_T46QCJ_20241106T012434_0,148576,162904
1,1,BD_20231010_S2B_MSIL2A_20231010T041709_R090_T46QCJ_20241106T012434_1,105705,113913
1,1,BD_20231010_S2B_MSIL2A_20231010T041709_R090_T46QCJ_20231010T102303_0,148602,162875
1,1,BD_20231010_S2B_MSIL2A_20231010T041709_R090_T46QCJ_20231010T102303_1,105689,113884
2,0,BD_20191014_S2B_MSIL2A_20191014T042729_R133_T46RCN_20201004T021555_0,202960,221501
2,0,BD_20191014_S2B_MSIL2A_20191014T042729_R133_T46RCN_20201004T021555_1,158697,188207
2,0,BD_20191014_S2B_MSIL2A_20191014T042729_R133_T46RCN_20201004T021555_2,187631,195878
2,0,BD_20191014_S2B_MSIL2A_20191014T042729_R133_T46RCN_20201004T021555_3,168098,191000
2,0,BD_20191014_S2B_MSIL2A_20191014T042729_R133_T46RBN_20201004T021557_0,120,2660
2,0,BD_20191014_S2B_MSIL2A_20191014T042729_R133_T46RBN_20201004T021557_1,215,1624
2,0,BD_20191014_S2B_MSIL2A_20191014T042729_R133_T46RBN_20201004T021557_2,1311,11174
2,0,BD_20191014_S2B_MSIL2A_20191014T042729_R133_T46RBN_20201004T021557_3,163,3103
2,0,BD_20191014_S2B_MSIL2A_20191014T042729_R133_T46QCL_20201004T021556_0,2007,6093
2,0,BD_20191014_S2B_MSIL2A_20191014T042729_R133_T46QBM_20201004T021553_0,1846,7143
2,0,BD_20191014_S2B_MSIL2A_20191014T042729_R133_T46QBM_20201004T021553_1,5064,18189
2,0,BD_20191014_S2B_MSIL2A_20191014T042729_R133_T46QBM_20201004T021553_2,6101,17878
2,0,BD_20191014_S2B_MSIL2A_20191014T042729_R133_T46QBM_20201004T021553_3,16409,33401
2,0,BD_20191014_S2B_MSIL2A_20191014T042729_R133_T46QBL_20201106T054822_0,88580,117512
2,0,BD_20191014_S2B_MSIL2A_20191014T042729_R133_T46QBL_20201106T054822_1,139237,198414
2,0,BD_20191014_S2B_MSIL2A_20191014T042729_R133_T46QBL_20201106T054822_2,133713,179087
2,0,BD_20191014_S2B_MSIL2A_20191014T042729_R133_T46QBL_20201106T054822_3,111430,178405
2,0,BD_20191014_S2B_MSIL2A_20191014T042729_R133_T46QBK_20201004T021632_0,762,9542
2,0,BD_20191014_S2B_MSIL2A_20191014T042729_R133_T46QBK_20201004T021632_1,4702,9213
2,0,BD_20191014_S2B_MSIL2A_20191014T042729_R133_T46QBK_20201004T021632_2,258,4542
2,0,BD_20191014_S2B_MSIL2A_20191014T042729_R133_T46QBK_20201004T021632_3,10942,16894
2,0,BD_20191014_S2B_MSIL2A_20191014T042729_R133_T45RZH_20201106T054830_0,415,6574
2,0,BD_20191014_S2B_MSIL2A_20191014T042729_R133_T45RZH_20201106T054830_1,89,1498
2,0,BD_20191014_S2B_MSIL2A_20191014T042729_R133_T45RZH_20201106T054830_2,616,1914
2,0,BD_20191014_S2B_MSIL2A_20191014T042729_R133_T45RZH_20201106T054830_3,505,2443
2,0,BD_20191014_S2B_MSIL2A_20191014T042729_R133_T45RYJ_20201004T021546_0,15186,30554
2,0,BD_20191014_S2B_MSIL2A_20191014T042729_R133_T45RYJ_20201004T021546_1,13472,22573
2,0,BD_20191014_S2B_MSIL2A_20191014T042729_R133_T45RYJ_20201004T021546_2,6654,10033
2,0,BD_20191014_S2B_MSIL2A_20191014T042729_R133_T45RYJ_20201004T021546_3,11631,21302
2,0,BD_20191014_S2B_MSIL2A_20191014T042729_R133_T45RYH_20201004T021550_0,130404,154564
2,0,BD_20191014_S2B_MSIL2A_20191014T042729_R133_T45RYH_20201004T021550_1,177398,204600
2,0,BD_20191014_S2B_MSIL2A_20191014T042729_R133_T45RYH_20201004T021550_2,157373,187448
2,0,BD_20191014_S2B_MSIL2A_20191014T042729_R133_T45RYH_20201004T021550_3,92789,147208
2,0,BD_20191014_S2B_MSIL2A_20191014T042729_R133_T45QZG_20201004T021558_0,150143,184012
2,0,BD_20191014_S2B_MSIL2A_20191014T042729_R133_T45QZG_20201004T021558_1,100626,104718
2,0,BD_20191014_S2B_MSIL2A_20191014T042729_R133_T45QZG_20201004T021558_2,1690,5663
2,0,BD_20191014_S2B_MSIL2A_20191014T042729_R133_T45QZG_20201004T021558_3,3027,10781
2,0,BD_20191014_S2B_MSIL2A_20191014T042729_R133_T45QZF_20201004T021553_0,539,4259
2,0,BD_20191014_S2B_MSIL2A_20191014T042729_R133_T45QZF_20201004T021553_1,26912,46320
2,0,BD_20191014_S2B_MSIL2A_20191014T042729_R133_T45QZF_20201004T021553_2,28558,45061
2,0,BD_20191014_S2B_MSIL2A_20191014T042729_R133_T45QZF_20201004T021553_3,38663,55379
2,0,BD_20191014_S2B_MSIL2A_20191014T042729_R133_T45QZE_20201004T021552_0,91,1383
2,0,BD_20191014_S2B_MSIL2A_20191014T042729_R133_T45QZE_20201004T021552_1,97012,99982
2,0,BD_20191014_S2B_MSIL2A_20191014T042729_R133_T45QZE_20201004T021552_2,9,3098
2,0,BD_20191014_S2B_MSIL2A_20191014T042729_R133_T45QZE_20201004T021552_3,63240,73291
2,0,BD_20191014_S2B_MSIL2A_20191014T042729_R133_T45QYG_20201004T021549_0,8381,14323
2,0,BD_20191014_S2B_MSIL2A_20191014T042729_R133_T45QYG_20201004T021549_1,4528,10007
2,0,BD_20191014_S2B_MSIL2A_20191014T042729_R133_T45QYG_20201004T021549_2,11835,29872
2,0,BD_20191014_S2B_MSIL2A_20191014T042729_R133_T45QYG_20201004T021549_3,6875,13528
2,0,BD_20191014_S2B_MSIL2A_20191014T042729_R133_T45QYF_20201004T021551_0,164,2287
2,0,BD_20191014_S2B_MSIL2A_20191014T042729_R133_T45QYF_20201004T021551_1,18802,50491
2,0,BD_20191014_S2B_MSIL2A_20191014T042729_R133_T45QYF_20201004T021551_2,1236,5009
2,0,BD_20191014_S2B_MSIL2A_20191014T042729_R133_T45QYF_20201004T021551_3,1494,5135
2,0,BD_20191014_S2B_MSIL2A_20191014T042729_R133_T45QYE_20201004T021550_0,125830,142763
2,0,BD_20191014_S2B_MSIL2A_20191014T042729_R133_T45QYE_20201004T021550_1,104325,118725
2,0,BD_20191014_S2B_MSIL2A_20191014T042729_R133_T45QYE_20201004T021550_2,89227,101345
2,0,BD_20191014_S2B_MSIL2A_20191014T042729_R133_T45QYE_20201004T021550_3,83296,95871
2,0,BD_20191004_S2B_MSIL2A_20191004T042709_R133_T45QYE_20201003T223244_0,52762,58295
2,0,BD_20191004_S2B_MSIL2A_20191004T042709_R133_T45QYE_20201003T223244_1,32207,39620
2,0,BD_20190922_S2A_MSIL2A_20190922T043701_R033_T45QXG_20201004T155721_0,1739,3376
2,0,BD_20190922_S2A_MSIL2A_20190922T043701_R033_T45QXG_20201004T155721_1,7232,13992
2,0,BD_20190922_S2A_MSIL2A_20190922T043701_R033_T45QXG_20201004T155721_2,3140,4844
2,0,BD_20190922_S2A_MSIL2A_20190922T043701_R033_T45QXG_20201004T155721_3,1282,2670
2,0,BD_20190922_S2A_MSIL2A_20190922T043701_R033_T45QXF_20201004T155721_0,2106,3954
2,0,BD_20190922_S2A_MSIL2A_20190922T043701_R033_T45QXF_20201004T155721_1,2274,3855
2,0,BD_20190922_S2A_MSIL2A_20190922T043701_R033_T45QXF_20201004T155721_2,3434,4651
2,0,BD_20190922_S2A_MSIL2A_20190922T043701_R033_T45QXF_20201004T155721_3,18062,23252
2,0,BD_20201015_S2B_MSIL2A_20201015T041739_R090_T46RDN_20201019T094119_0,11500,22303
2,0,BD_20201015_S2B_MSIL2A_20201015T041739_R090_T46RDN_20201019T094119_1,18035,38503
2,0,BD_20201011_S2B_MSIL2A_20201011T043719_R033_T45RYJ_20201014T022018_0,56838,79542
2,0,BD_20201011_S2B_MSIL2A_20201011T043719_R033_T45RYJ_20201014T022018_1,13669,21765
2,0,BD_20201011_S2B_MSIL2A_20201011T043719_R033_T45RYJ_20201014T022018_2,82431,129162
2,0,BD_20201011_S2B_MSIL2A_20201011T043719_R033_T45RYJ_20201014T022018_3,56063,90090
2,0,BD_20201008_S2B_MSIL2A_20201008T042709_R133_T46RCN_20201010T103919_0,209326,223839
2,0,BD_20201008_S2B_MSIL2A_20201008T042709_R133_T46RCN_20201010T103919_1,197096,209979
2,0,BD_20201008_S2B_MSIL2A_20201008T042709_R133_T46RBN_20201010T103924_0,8204,15945
2,0,BD_20201008_S2B_MSIL2A_20201008T042709_R133_T46RBN_20201010T103924_1,39861,67818
2,0,BD_20201008_S2B_MSIL2A_20201008T042709_R133_T46QBL_20201010T103924_0,164178,204628
2,0,BD_20201008_S2B_MSIL2A_20201008T042709_R133_T45RZH_20201027T125009_0,100519,125294
2,0,BD_20201008_S2B_MSIL2A_20201008T042709_R133_T45RZH_20201027T125009_1,68804,86218
2,0,BD_20211031_S2A_MSIL2A_20211031T043931_R033_T45QYG_20211031T144226_0,9107,20442
2,0,BD_20211031_S2A_MSIL2A_20211031T043931_R033_T45QYG_20211031T144226_1,4228,11714
2,0,BD_20211031_S2A_MSIL2A_20211031T043931_R033_T45QYG_20211031T144226_2,7780,13873
2,0,BD_20211031_S2A_MSIL2A_20211031T043931_R033_T45QYG_20211031T144226_3,27454,45812
2,0,BD_20211031_S2A_MSIL2A_20211031T043931_R033_T45QYF_20211031T152155_0,6155,11853
2,0,BD_20211031_S2A_MSIL2A_20211031T043931_R033_T45QXF_20211031T144847_0,3988,9303
2,0,BD_20211031_S2A_MSIL2A_20211031T043931_R033_T45QXF_20211031T144847_1,21846,26553
2,0,BD_20211031_S2A_MSIL2A_20211031T043931_R033_T45QXF_20211031T144847_2,8244,10702
2,0,BD_20211031_S2A_MSIL2A_20211031T043931_R033_T45QXF_20211031T144847_3,6520,9597
2,0,BD_20210926_S2B_MSIL2A_20210926T043659_R033_T45RYJ_20210927T010924_0,6247,10375
2,0,BD_20210925_S2A_MSIL2A_20210925T041551_R090_T46RDN_20210926T015537_0,11413,23768
2,0,BD_20210925_S2A_MSIL2A_20210925T041551_R090_T46RDN_20210926T015537_1,11340,15298
2,0,BD_20210925_S2A_MSIL2A_20210925T041551_R090_T46RDN_20210926T015537_2,30627,44791
2,0,BD_20210925_S2A_MSIL2A_20210925T041551_R090_T46RDN_20210926T015537_3,13332,18010
2,0,BD_20221015_S2B_MSIL2A_20221015T041739_R090_T46QCK_20221015T192901_0,70892,93102
2,0,BD_20221015_S2B_MSIL2A_20221015T041739_R090_T46QCK_20221015T192901_1,28804,34245
2,0,BD_20221015_S2B_MSIL2A_20221015T041739_R090_T46QCK_20221015T192901_2,145949,154616
2,0,BD_20221015_S2B_MSIL2A_20221015T041739_R090_T46QCK_20221015T192901_3,28077,42702
2,0,BD_20221008_S2B_MSIL2A_20221008T042659_R133_T46QBM_20240718T082048_0,53640,73115
2,0,BD_20221008_S2B_MSIL2A_20221008T042659_R133_T46QBL_20240718T082048_0,150558,164276
2,0,BD_20221008_S2B_MSIL2A_20221008T042659_R133_T45QZG_20240718T082048_0,6377,11533
2,0,BD_20221008_S2B_MSIL2A_20221008T042659_R133_T45QZG_20240718T082048_1,113996,145522
2,0,BD_20221008_S2B_MSIL2A_20221008T042659_R133_T45QYG_20240718T082048_0,63028,72872
2,0,BD_20221008_S2B_MSIL2A_20221008T042659_R133_T45QYG_20240718T082048_1,186900,199032
2,0,BD_20221008_S2B_MSIL2A_20221008T042659_R133_T45QYE_20240718T082048_0,131689,174695
2,0,BD_20221008_S2B_MSIL2A_20221008T042659_R133_T45QYE_20240718T082048_1,19072,27800
2,0,BD_20220908_S2B_MSIL2A_20220908T042709_R133_T46RDN_20220911T113356_0,69425,85795
2,0,BD_20220908_S2B_MSIL2A_20220908T042709_R133_T46RDN_20220911T113356_2,73518,105391
2,0,BD_20220908_S2B_MSIL2A_20220908T042709_R133_T46RDN_20220911T113356_3,16014,31825
2,0,BD_20220908_S2B_MSIL2A_20220908T042709_R133_T46RCN_20220911T114330_0,194181,217994
2,0,BD_20220908_S2B_MSIL2A_20220908T042709_R133_T46RCN_20220911T114330_1,191426,221409
2,0,BD_20220908_S2B_MSIL2A_20220908T042709_R133_T46RCN_20220911T114330_2,207745,219122
2,0,BD_20220908_S2B_MSIL2A_20220908T042709_R133_T46RCN_20220911T114330_3,177688,197644
2,0,BD_20231026_S2B_MSIL2A_20231026T043849_R033_T45RYK_20241121T122521_0,43791,76398
2,0,BD_20231026_S2B_MSIL2A_20231026T043849_R033_T45RYK_20231026T084342_0,22591,38217
2,0,BD_20231026_S2B_MSIL2A_20231026T043849_R033_T45RYK_20231026T084342_1,43766,76383
2,0,BD_20231026_S2B_MSIL2A_20231026T043849_R033_T45RXK_20241121T122521_0,8034,16044
2,0,BD_20231026_S2B_MSIL2A_20231026T043849_R033_T45RXK_20241121T122521_1,9643,18469
2,0,BD_20231026_S2B_MSIL2A_20231026T043849_R033_T45RXK_20231026T084147_0,8025,16066
2,0,BD_20231026_S2B_MSIL2A_20231026T043849_R033_T45RXK_20231026T084147_1,9647,18480
2,0,BD_20231026_S2B_MSIL2A_20231026T043849_R033_T45QYG_20241121T122521_0,15435,19926
2,0,BD_20231026_S2B_MSIL2A_20231026T043849_R033_T45QYG_20241121T122521_1,9165,12158
2,0,BD_20231026_S2B_MSIL2A_20231026T043849_R033_T45QYG_20241121T122521_2,16668,19094
2,0,BD_20231026_S2B_MSIL2A_20231026T043849_R033_T45QYG_20241121T122521_3,11850,14281
2,0,BD_20231026_S2B_MSIL2A_20231026T043849_R033_T45QYG_20231026T082600_0,15380,19952
2,0,BD_20231026_S2B_MSIL2A_20231026T043849_R033_T45QYG_20231026T082600_1,9153,12161
2,0,BD_20231026_S2B_MSIL2A_20231026T043849_R033_T45QYG_20231026T082600_2,16648,19095
2,0,BD_20231026_S2B_MSIL2A_20231026T043849_R033_T45QYG_20231026T082600_3,11827,14317
2,0,BD_20231026_S2B_MSIL2A_20231026T043849_R033_T45QYF_20241121T122521_0,16979,30733
2,0,BD_20231026_S2B_MSIL2A_20231026T043849_R033_T45QYF_20241121T122521_1,8352,18701
2,0,BD_20231026_S2B_MSIL2A_20231026T043849_R033_T45QYF_20231026T082549_0,16884,30729
2,0,BD_20231026_S2B_MSIL2A_20231026T043849_R033_T45QYF_20231026T082549_1,8291,18700
2,0,BD_20231026_S2B_MSIL2A_20231026T043849_R033_T45QYE_20241121T122521_0,60753,71290
2,0,BD_20231026_S2B_MSIL2A_20231026T043849_R033_T45QYE_20231026T082359_0,60780,71409
2,0,BD_20231026_S2B_MSIL2A_20231026T043849_R033_T45QXG_20241121T122521_0,6097,13874
2,0,BD_20231026_S2B_MSIL2A_20231026T043849_R033_T45QXG_20231026T082608_0,5756,13345
2,0,BD_20231021_S2A_MSIL2A_20231021T043821_R033_T45RYJ_20231021T091852_0,32164,48913
2,0,BD_20231021_S2A_MSIL2A_20231021T043821_R033_T45RYJ_20231021T091852_1,30833,67411
2,0,BD_20231021_S2A_MSIL2A_20231021T043821_R033_T45RYJ_20231021T091852_2,8836,10354
2,0,BD_20231021_S2A_MSIL2A_20231021T043821_R033_T45RYJ_20231021T091852_3,61248,127123
2,0,BD_20230928_S2A_MSIL2A_20230928T042711_R133_T46RBN_20230928T091835_0,195943,206774
2,0,BD_20230928_S2A_MSIL2A_20230928T042711_R133_T46RBN_20230928T091835_1,95679,123497
2,0,BD_20230928_S2A_MSIL2A_20230928T042711_R133_T46RBN_20230928T091835_2,166671,193400
2,0,BD_20230928_S2A_MSIL2A_20230928T042711_R133_T45RZH_20230928T091839_0,119459,149816
2,0,BD_20230928_S2A_MSIL2A_20230928T042711_R133_T45RZH_20230928T091839_1,170928,201572
2,0,BD_20230915_S2A_MSIL2A_20230915T041551_R090_T46QCK_20241024T214401_0,4844,18423
2,0,BD_20230915_S2A_MSIL2A_20230915T041551_R090_T46QCK_20230915T113252_0,4856,18483
2,0,BD_20230903_S2B_MSIL2A_20230903T042709_R133_T46RDN_20240909T045314_0,71459,82898
2,0,BD_20230903_S2B_MSIL2A_20230903T042709_R133_T46RDN_20240909T045314_1,123311,151899
2,0,BD_20230903_S2B_MSIL2A_20230903T042709_R133_T46RDN_20240909T045314_2,75730,109083
2,0,BD_20230903_S2B_MSIL2A_20230903T042709_R133_T46RDN_20240909T045314_3,50273,90718
2,0,BD_20230903_S2B_MSIL2A_20230903T042709_R133_T46RDN_20230903T102509_0,73106,84441
2,0,BD_20230903_S2B_MSIL2A_20230903T042709_R133_T46RDN_20230903T102509_1,123450,151824
2,0,BD_20230903_S2B_MSIL2A_20230903T042709_R133_T46RDN_20230903T102509_2,75298,108514
2,0,BD_20230903_S2B_MSIL2A_20230903T042709_R133_T46RDN_20230903T102509_3,50300,90581
2,0,BD_20230903_S2B_MSIL2A_20230903T042709_R133_T46RCN_20240909T045314_0,217450,234843
2,0,BD_20230903_S2B_MSIL2A_20230903T042709_R133_T46RCN_20240909T045314_1,216908,233598
2,0,BD_20230903_S2B_MSIL2A_20230903T042709_R133_T46RCN_20240909T045314_2,199846,218030
2,0,BD_20230903_S2B_MSIL2A_20230903T042709_R133_T46RCN_20230903T102529_0,217523,234847
2,0,BD_20230903_S2B_MSIL2A_20230903T042709_R133_T46RCN_20230903T102529_1,214063,230476
2,0,BD_20230903_S2B_MSIL2A_20230903T042709_R133_T46RCN_20230903T102529_2,199186,216532
2,0,BD_20230901_S2A_MSIL2A_20230901T043711_R033_T45RXH_20240824T081357_0,28800,41174
2,1,BD_20191029_S2A_MSIL2A_20191029T042911_R133_T45QYE_20201004T071507_0,197430,211664
2,1,BD_20191029_S2A_MSIL2A_20191029T042911_R133_T45QYE_20201004T071507_1,185132,203458
2,1,BD_20191021_S2B_MSIL2A_20191021T041809_R090_T46QDL_20201004T044439_1,958,8867
2,1,BD_20191021_S2B_MSIL2A_20191021T041809_R090_T46QDK_20201004T044437_0,7066,17753
2,1,BD_20191021_S2B_MSIL2A_20191021T041809_R090_T46QDK_20201004T044437_1,10820,16364
2,1,BD_20191021_S2B_MSIL2A_20191021T041809_R090_T46QCK_20201004T044428_0,2318,8094
2,1,BD_20191021_S2B_MSIL2A_20191021T041809_R090_T46QCK_20201004T044428_1,22287,34916
2,1,BD_20191021_S2B_MSIL2A_20191021T041809_R090_T46QCK_20201004T044428_2,82506,103289
2,1,BD_20191019_S2A_MSIL2A_20191019T042801_R133_T46RBN_20201004T035415_0,188093,197150
2,1,BD_20191019_S2A_MSIL2A_20191019T042801_R133_T46RBN_20201004T035415_1,44326,74001
2,1,BD_20191019_S2A_MSIL2A_20191019T042801_R133_T46RBN_20201004T035415_2,128109,160090
2,1,BD_20191019_S2A_MSIL2A_20191019T042801_R133_T46QCM_20201004T035416_0,194066,208674
2,1,BD_20191019_S2A_MSIL2A_20191019T042801_R133_T46QCK_20201004T035410_0,29091,44308
2,1,BD_20191019_S2A_MSIL2A_20191019T042801_R133_T46QCK_20201004T035410_1,1399,5500
2,1,BD_20191019_S2A_MSIL2A_20191019T042801_R133_T45RZH_20201004T035414_0,66745,99043
2,1,BD_20191019_S2A_MSIL2A_20191019T042801_R133_T45RZH_20201004T035414_1,125629,163071
2,1,BD_20190919_S2A_MSIL2A_20190919T042701_R133_T46RCN_20201004T144846_0,60137,86927
2,1,BD_20190919_S2A_MSIL2A_20190919T042701_R133_T46RCN_20201004T144846_1,46922,63202
2,1,BD_20190919_S2A_MSIL2A_20190919T042701_R133_T46RCN_20201004T144846_2,203659,221715
2,1,BD_20190919_S2A_MSIL2A_20190919T042701_R133_T46RCN_20201004T144846_3,203149,220737
2,1,BD_20190919_S2A_MSIL2A_20190919T042701_R133_T46QCM_20201004T144842_0,174079,196744
2,1,BD_20190919_S2A_MSIL2A_20190919T042701_R133_T46QCM_20201004T144842_1,140433,152725
2,1,BD_20190919_S2A_MSIL2A_20190919T042701_R133_T46QCM_20201004T144842_2,6240,12582
2,1,BD_20190919_S2A_MSIL2A_20190919T042701_R133_T46QCM_20201004T144842_3,28993,42454
2,1,BD_20190919_S2A_MSIL2A_20190919T042701_R133_T46QBL_20201004T144842_0,104199,119964
2,1,BD_20190919_S2A_MSIL2A_20190919T042701_R133_T46QBL_20201004T144842_1,144119,178713
2,1,BD_20190919_S2A_MSIL2A_20190919T042701_R133_T46QBL_20201004T144842_2,128514,159790
2,1,BD_20190919_S2A_MSIL2A_20190919T042701_R133_T45QYG_20201004T144834_0,196083,221585
2,1,BD_20190919_S2A_MSIL2A_20190919T042701_R133_T45QYG_20201004T144834_2,211237,224822
2,1,BD_20190919_S2A_MSIL2A_20190919T042701_R133_T45QYG_20201004T144834_3,97620,124809
2,1,BD_20190919_S2A_MSIL2A_20190919T042701_R133_T45QYF_20201004T144840_0,903,2369
2,1,BD_20200801_S2A_MSIL2A_20200801T041601_R090_T46QCK_20200815T165700_0,448,28206
2,1,BD_20201013_S2A_MSIL2A_20201013T042731_R133_T46RBN_20201020T013450_0,203201,212590
2,1,BD_20201013_S2A_MSIL2A_20201013T042731_R133_T46RBN_20201020T013450_1,133088,155696
2,1,BD_20201013_S2A_MSIL2A_20201013T042731_R133_T46RBN_20201020T013450_2,207664,231343
2,1,BD_20201013_S2A_MSIL2A_20201013T042731_R133_T46QCK_20201015T061808_0,146840,170039
2,1,BD_20201013_S2A_MSIL2A_20201013T042731_R133_T46QCK_20201015T061808_1,18910,44834
2,1,BD_20201013_S2A_MSIL2A_20201013T042731_R133_T45RZH_20201020T014653_0,159049,182657
2,1,BD_20201013_S2A_MSIL2A_20201013T042731_R133_T45RZH_20201020T014653_1,214475,240326
2,1,BD_20211026_S2B_MSIL2A_20211026T043859_R033_T45QYF_20211026T154823_0,3477,9309
2,1,BD_20211026_S2B_MSIL2A_20211026T043859_R033_T45QYF_20211026T154823_1,8465,13504
2,1,BD_20211026_S2B_MSIL2A_20211026T043859_R033_T45QYF_20211026T154823_2,11890,17933
2,1,BD_20211026_S2B_MSIL2A_20211026T043859_R033_T45QYF_20211026T154823_3,7856,12342
2,1,BD_20211026_S2B_MSIL2A_20211026T043859_R033_T45QXF_20211026T150049_0,15961,24267
2,1,BD_20211026_S2B_MSIL2A_20211026T043859_R033_T45QXE_20211026T160504_0,126214,138177
2,1,BD_20210930_S2B_MSIL2A_20210930T041549_R090_T46QCK_20210930T143432_0,108468,117330
2,1,BD_20210930_S2B_MSIL2A_20210930T041549_R090_T46QCK_20210930T143432_1,43499,53369
2,1,BD_20210930_S2B_MSIL2A_20210930T041549_R090_T46QCK_20210930T143432_2,159833,177874
2,1,BD_20210903_S2B_MSIL2A_20210903T042659_R133_T46RCN_20210903T104628_0,67815,127161
2,1,BD_20210903_S2B_MSIL2A_20210903T042659_R133_T46RCN_20210903T104628_1,190391,223089
2,1,BD_20210903_S2B_MSIL2A_20210903T042659_R133_T46RBN_20210903T105009_0,212129,248229
2,1,BD_20220715_S2A_MSIL2A_20220715T042721_R133_T45RYJ_20220715T172542_0,88701,123060
2,1,BD_20220715_S2A_MSIL2A_20220715T042721_R133_T45RYJ_20220715T172542_1,7604,16660
2,1,BD_20220715_S2A_MSIL2A_20220715T042721_R133_T45RYJ_20220715T172542_2,19190,37632
2,1,BD_20220715_S2A_MSIL2A_20220715T042721_R133_T45RYJ_20220715T172542_3,25399,43391
2,1,BD_20220712_S2A_MSIL2A_20220712T041601_R090_T46QDK_20220713T170239_0,113373,147974
2,1,BD_20220712_S2A_MSIL2A_20220712T041601_R090_T46QDK_20220713T170239_1,119535,166426
2,1,BD_20221031_S2B_MSIL2A_20221031T043919_R033_T45RZH_20221031T135118_0,31462,45284
2,1,BD_20221031_S2B_MSIL2A_20221031T043919_R033_T45RZH_20221031T135118_1,6397,11048
2,1,BD_20221031_S2B_MSIL2A_20221031T043919_R033_T45RYK_20221031T142844_0,19533,28505
2,1,BD_20221031_S2B_MSIL2A_20221031T043919_R033_T45RYK_20221031T142844_1,38850,57231
2,1,BD_20221031_S2B_MSIL2A_20221031T043919_R033_T45RXK_20221031T141525_0,8677,17884
2,1,BD_20221031_S2B_MSIL2A_20221031T043919_R033_T45QYG_20221031T134132_0,18324,23871
2,1,BD_20221031_S2B_MSIL2A_20221031T043919_R033_T45QYG_20221031T134132_1,10223,14214
2,1,BD_20221031_S2B_MSIL2A_20221031T043919_R033_T45QYG_20221031T134132_2,17255,19714
2,1,BD_20221031_S2B_MSIL2A_20221031T043919_R033_T45QYG_20221031T134132_3,9408,15828
2,1,BD_20221031_S2B_MSIL2A_20221031T043919_R033_T45QXG_20221031T150505_0,8686,17134
2,1,BD_20221031_S2B_MSIL2A_20221031T043919_R033_T45QXG_20221031T150505_1,4217,10351
2,1,BD_20221028_S2B_MSIL2A_20221028T042859_R133_T46RDN_20221028T170817_0,31183,55412
2,1,BD_20221028_S2B_MSIL2A_20221028T042859_R133_T46RDN_20221028T170817_1,57376,78976
2,1,BD_20221028_S2B_MSIL2A_20221028T042859_R133_T46RDN_20221028T170817_2,46178,73046
2,1,BD_20221028_S2B_MSIL2A_20221028T042859_R133_T46RDN_20221028T170817_3,10035,19654
2,1,BD_20221028_S2B_MSIL2A_20221028T042859_R133_T46RCN_20221028T170917_1,18942,44082
2,1,BD_20221028_S2B_MSIL2A_20221028T042859_R133_T46RCN_20221028T170917_2,18624,42143
2,1,BD_20221028_S2B_MSIL2A_20221028T042859_R133_T46RCN_20221028T170917_3,184467,212484
2,1,BD_20221028_S2B_MSIL2A_20221028T042859_R133_T46RBN_20221028T170155_0,212078,250790
2,1,BD_20221028_S2B_MSIL2A_20221028T042859_R133_T46RBN_20221028T170155_1,192395,219549
2,1,BD_20221028_S2B_MSIL2A_20221028T042859_R133_T46RBN_20221028T170155_2,129536,162453
2,1,BD_20221028_S2B_MSIL2A_20221028T042859_R133_T46QCM_20221028T170331_0,210961,225276
2,1,BD_20221028_S2B_MSIL2A_20221028T042859_R133_T46QCM_20221028T170331_1,200133,221223
2,1,BD_20221028_S2B_MSIL2A_20221028T042859_R133_T46QCM_20221028T170331_2,211573,226066
2,1,BD_20221028_S2B_MSIL2A_20221028T042859_R133_T46QCM_20221028T170331_3,184830,200361
2,1,BD_20221028_S2B_MSIL2A_20221028T042859_R133_T46QCL_20221028T165007_0,6118,11901
2,1,BD_20221028_S2B_MSIL2A_20221028T042859_R133_T46QBM_20240802T023230_0,82891,102772
2,1,BD_20221028_S2B_MSIL2A_20221028T042859_R133_T46QBM_20240802T023230_1,182866,199045
2,1,BD_20221028_S2B_MSIL2A_20221028T042859_R133_T46QBM_20240802T023230_2,16411,38073
2,1,BD_20221028_S2B_MSIL2A_20221028T042859_R133_T46QBM_20240802T023230_3,157682,175580
2,1,BD_20221028_S2B_MSIL2A_20221028T042859_R133_T46QBM_20221028T172452_0,83245,102665
2,1,BD_20221028_S2B_MSIL2A_20221028T042859_R133_T46QBM_20221028T172452_1,182901,199004
2,1,BD_20221028_S2B_MSIL2A_20221028T042859_R133_T46QBM_20221028T172452_2,16500,37934
2,1,BD_20221028_S2B_MSIL2A_20221028T042859_R133_T46QBM_20221028T172452_3,157700,175529
2,1,BD_20221028_S2B_MSIL2A_20221028T042859_R133_T46QBL_20221028T164547_0,38475,75219
2,1,BD_20221028_S2B_MSIL2A_20221028T042859_R133_T46QBL_20221028T164547_1,37631,54767
2,1,BD_20221028_S2B_MSIL2A_20221028T042859_R133_T46QBL_20221028T164547_2,7049,22249
2,1,BD_20221028_S2B_MSIL2A_20221028T042859_R133_T46QBL_20221028T164547_3,57134,80200
2,1,BD_20221028_S2B_MSIL2A_20221028T042859_R133_T45RZH_20221028T174257_0,107290,141575
2,1,BD_20221028_S2B_MSIL2A_20221028T042859_R133_T45QZG_20221028T161658_0,113177,138413
2,1,BD_20221028_S2B_MSIL2A_20221028T042859_R133_T45QZG_20221028T161658_1,17841,37532
2,1,BD_20221028_S2B_MSIL2A_20221028T042859_R133_T45QZG_20221028T161658_2,154330,170681
2,1,BD_20221028_S2B_MSIL2A_20221028T042859_R133_T45QZG_20221028T161658_3,7205,18404
2,1,BD_20221028_S2B_MSIL2A_20221028T042859_R133_T45QZF_20221028T163158_0,35615,81661
2,1,BD_20221028_S2B_MSIL2A_20221028T042859_R133_T45QZF_20221028T163158_1,25981,38316
2,1,BD_20221028_S2B_MSIL2A_20221028T042859_R133_T45QZF_20221028T163158_2,6149,19028
2,1,BD_20221028_S2B_MSIL2A_20221028T042859_R133_T45QZF_20221028T163158_3,36654,63620
2,1,BD_20221026_S2A_MSIL2A_20221026T043901_R033_T45QYG_20221026T160658_0,48963,69597
2,1,BD_20221026_S2A_MSIL2A_20221026T043901_R033_T45QXF_20221026T171409_1,12567,18261
2,1,BD_20221026_S2A_MSIL2A_20221026T043901_R033_T45QXF_20221026T171409_2,7568,12496
2,1,BD_20221026_S2A_MSIL2A_20221026T043901_R033_T45QXF_20221026T171409_3,15533,20073
2,1,BD_20221021_S2B_MSIL2A_20221021T043819_R033_T45RYJ_20221022T080153_0,4206,13784
2,1,BD_20221021_S2B_MSIL2A_20221021T043819_R033_T45RYJ_20221022T080153_1,47170,64607
2,1,BD_20221021_S2B_MSIL2A_20221021T043819_R033_T45RYJ_20221022T080153_2,8572,14611
2,1,BD_20221021_S2B_MSIL2A_20221021T043819_R033_T45QYG_20221022T071910_0,7647,18864
2,1,BD_20221021_S2B_MSIL2A_20221021T043819_R033_T45QYG_20221022T071910_1,3599,10227
2,1,BD_20221021_S2B_MSIL2A_20221021T043819_R033_T45QYG_20221022T071910_2,6612,12677
2,1,BD_20221021_S2B_MSIL2A_20221021T043819_R033_T45QYG_20221022T071910_3,24194,42912
2,1,BD_20221021_S2B_MSIL2A_20221021T043819_R033_T45QYF_20221022T075410_0,5991,11563
2,1,BD_20221021_S2B_MSIL2A_20221021T043819_R033_T45QYF_20221022T075410_1,9737,13208
2,1,BD_20221021_S2B_MSIL2A_20221021T043819_R033_T45QYF_20221022T075410_2,7755,10191
2,1,BD_20221021_S2B_MSIL2A_20221021T043819_R033_T45QYF_20221022T075410_3,11738,16271
2,1,BD_20221021_S2B_MSIL2A_20221021T043819_R033_T45QYE_20221022T082708_0,120323,142630
2,1,BD_20221021_S2B_MSIL2A_20221021T043819_R033_T45QYE_20221022T082708_1,148558,163674
2,1,BD_20221021_S2B_MSIL2A_20221021T043819_R033_T45QYE_20221022T082708_2,125159,139164
2,1,BD_20221021_S2B_MSIL2A_20221021T043819_R033_T45QYE_20221022T082708_3,197026,214251
2,1,BD_20221021_S2B_MSIL2A_20221021T043819_R033_T45QXG_20221022T073945_0,4645,10624
2,1,BD_20221021_S2B_MSIL2A_20221021T043819_R033_T45QXG_20221022T073945_1,24018,27847
2,1,BD_20221021_S2B_MSIL2A_20221021T043819_R033_T45QXG_20221022T073945_2,22495,35342
2,1,BD_20221021_S2B_MSIL2A_20221021T043819_R033_T45QXG_20221022T073945_3,15422,26713
2,1,BD_20221021_S2B_MSIL2A_20221021T043819_R033_T45QXF_20221022T075849_0,22706,31401
2,1,BD_20221021_S2B_MSIL2A_20221021T043819_R033_T45QXF_20221022T075849_1,7089,10185
2,1,BD_20221021_S2B_MSIL2A_20221021T043819_R033_T45QXF_20221022T075849_2,8196,14292
2,1,BD_20221021_S2B_MSIL2A_20221021T043819_R033_T45QXF_20221022T075849_3,40312,49007
2,1,BD_20221021_S2B_MSIL2A_20221021T043819_R033_T45QXE_20221022T072338_0,116126,135667
2,1,BD_20220928_S2B_MSIL2A_20220928T042709_R133_T45RZH_20220928T190004_0,34701,51458
2,1,BD_20220928_S2B_MSIL2A_20220928T042709_R133_T45RZH_20220928T190004_3,42317,62142
2,1,BD_20220928_S2B_MSIL2A_20220928T042709_R133_T45RYJ_20220928T190933_0,30946,42094
2,1,BD_20220928_S2B_MSIL2A_20220928T042709_R133_T45RYJ_20220928T190933_1,12704,18012
2,1,BD_20220928_S2B_MSIL2A_20220928T042709_R133_T45RYJ_20220928T190933_2,6536,10496
2,1,BD_20220928_S2B_MSIL2A_20220928T042709_R133_T45RYH_20220928T180809_0,185661,206445
2,1,BD_20220928_S2B_MSIL2A_20220928T042709_R133_T45RYH_20220928T180809_1,179364,208987
2,1,BD_20220928_S2B_MSIL2A_20220928T042709_R133_T45RYH_20220928T180809_2,107316,152785
2,1,BD_20220928_S2B_MSIL2A_20220928T042709_R133_T45RYH_20220928T180809_3,121350,172665
2,1,BD_20231016_S2B_MSIL2A_20231016T043749_R033_T45RYJ_20241108T183400_1,19557,40977
2,1,BD_20231016_S2B_MSIL2A_20231016T043749_R033_T45RYJ_20241108T183400_2,60315,102127
2,1,BD_20231016_S2B_MSIL2A_20231016T043749_R033_T45RYJ_20231016T094425_1,19612,40965
2,1,BD_20231016_S2B_MSIL2A_20231016T043749_R033_T45RYJ_20231016T094425_2,60588,102390
2,1,BD_20231016_S2B_MSIL2A_20231016T043749_R033_T45QYF_20231016T094446_0,6166,11887
2,1,BD_20231016_S2B_MSIL2A_20231016T043749_R033_T45QYF_20231016T094446_1,7629,10616
2,1,BD_20231016_S2B_MSIL2A_20231016T043749_R033_T45QYF_20231016T094446_2,11373,17433
2,1,BD_20231016_S2B_MSIL2A_20231016T043749_R033_T45QYF_20231016T094446_3,8924,13431
2,1,BD_20231016_S2B_MSIL2A_20231016T043749_R033_T45QYE_20231016T091545_0,138322,152522
2,1,BD_20231016_S2B_MSIL2A_20231016T043749_R033_T45QYE_20231016T091545_1,155706,165688
2,1,BD_20231016_S2B_MSIL2A_20231016T043749_R033_T45QYE_20231016T091545_2,133180,144028
2,1,BD_20231016_S2B_MSIL2A_20231016T043749_R033_T45QYE_20231016T091545_3,198233,215407
2,1,BD_20231016_S2B_MSIL2A_20231016T043749_R033_T45QXF_20231016T094049_0,21782,30087
2,1,BD_20231016_S2B_MSIL2A_20231016T043749_R033_T45QXF_20231016T094049_1,5893,11197
2,1,BD_20231016_S2B_MSIL2A_20231016T043749_R033_T45QXE_20241108T183400_0,129817,140473
2,1,BD_20231016_S2B_MSIL2A_20231016T043749_R033_T45QXE_20231016T093000_0,129760,140537
2,1,BD_20231010_S2B_MSIL2A_20231010T041709_R090_T46QCJ_20241106T012434_0,150499,162084
2,1,BD_20231010_S2B_MSIL2A_20231010T041709_R090_T46QCJ_20241106T012434_1,106793,115022
2,1,BD_20231010_S2B_MSIL2A_20231010T041709_R090_T46QCJ_20231010T102303_0,150530,162050
2,1,BD_20231010_S2B_MSIL2A_20231010T041709_R090_T46QCJ_20231010T102303_1,106783,114987
