id,kept_twin_id
BD_20221028_S2B_MSIL2A_20221028T042859_R133_T46QBM_20221028T172452_0,BD_20221028_S2B_MSIL2A_20221028T042859_R133_T46QBM_20240802T023230_0
BD_20221028_S2B_MSIL2A_20221028T042859_R133_T46QBM_20221028T172452_1,BD_20221028_S2B_MSIL2A_20221028T042859_R133_T46QBM_20240802T023230_1
BD_20221028_S2B_MSIL2A_20221028T042859_R133_T46QBM_20221028T172452_2,BD_20221028_S2B_MSIL2A_20221028T042859_R133_T46QBM_20240802T023230_2
BD_20221028_S2B_MSIL2A_20221028T042859_R133_T46QBM_20221028T172452_3,BD_20221028_S2B_MSIL2A_20221028T042859_R133_T46QBM_20240802T023230_3
BD_20230903_S2B_MSIL2A_20230903T042709_R133_T46RCN_20230903T102529_0,BD_20230903_S2B_MSIL2A_20230903T042709_R133_T46RCN_20240909T045314_0
BD_20230903_S2B_MSIL2A_20230903T042709_R133_T46RCN_20230903T102529_1,BD_20230903_S2B_MSIL2A_20230903T042709_R133_T46RCN_20240909T045314_1
BD_20230903_S2B_MSIL2A_20230903T042709_R133_T46RCN_20230903T102529_2,BD_20230903_S2B_MSIL2A_20230903T042709_R133_T46RCN_20240909T045314_2
BD_20230903_S2B_MSIL2A_20230903T042709_R133_T46RDN_20230903T102509_0,BD_20230903_S2B_MSIL2A_20230903T042709_R133_T46RDN_20240909T045314_0
BD_20230903_S2B_MSIL2A_20230903T042709_R133_T46RDN_20230903T102509_1,BD_20230903_S2B_MSIL2A_20230903T042709_R133_T46RDN_20240909T045314_1
BD_20230903_S2B_MSIL2A_20230903T042709_R133_T46RDN_20230903T102509_2,BD_20230903_S2B_MSIL2A_20230903T042709_R133_T46RDN_20240909T045314_2
BD_20230903_S2B_MSIL2A_20230903T042709_R133_T46RDN_20230903T102509_3,BD_20230903_S2B_MSIL2A_20230903T042709_R133_T46RDN_20240909T045314_3
BD_20230915_S2A_MSIL2A_20230915T041551_R090_T46QCK_20230915T113252_0,BD_20230915_S2A_MSIL2A_20230915T041551_R090_T46QCK_20241024T214401_0
BD_20231010_S2B_MSIL2A_20231010T041709_R090_T46QCJ_20231010T102303_0,BD_20231010_S2B_MSIL2A_20231010T041709_R090_T46QCJ_20241106T012434_0
BD_20231010_S2B_MSIL2A_20231010T041709_R090_T46QCJ_20231010T102303_1,BD_20231010_S2B_MSIL2A_20231010T041709_R090_T46QCJ_20241106T012434_1
BD_20231016_S2B_MSIL2A_20231016T043749_R033_T45QXE_20231016T093000_0,BD_20231016_S2B_MSIL2A_20231016T043749_R033_T45QXE_20241108T183400_0
BD_20231016_S2B_MSIL2A_20231016T043749_R033_T45RYJ_20231016T094425_1,BD_20231016_S2B_MSIL2A_20231016T043749_R033_T45RYJ_20241108T183400_1
BD_20231016_S2B_MSIL2A_20231016T043749_R033_T45RYJ_20231016T094425_2,BD_20231016_S2B_MSIL2A_20231016T043749_R033_T45RYJ_20241108T183400_2
BD_20231026_S2B_MSIL2A_20231026T043849_R033_T45QXG_20231026T082608_0,BD_20231026_S2B_MSIL2A_20231026T043849_R033_T45QXG_20241121T122521_0
BD_20231026_S2B_MSIL2A_20231026T043849_R033_T45QYE_20231026T082359_0,BD_20231026_S2B_MSIL2A_20231026T043849_R033_T45QYE_20241121T122521_0
BD_20231026_S2B_MSIL2A_20231026T043849_R033_T45QYF_20231026T082549_0,BD_20231026_S2B_MSIL2A_20231026T043849_R033_T45QYF_20241121T122521_0
BD_20231026_S2B_MSIL2A_20231026T043849_R033_T45QYF_20231026T082549_1,BD_20231026_S2B_MSIL2A_20231026T043849_R033_T45QYF_20241121T122521_1
BD_20231026_S2B_MSIL2A_20231026T043849_R033_T45QYG_20231026T082600_0,BD_20231026_S2B_MSIL2A_20231026T043849_R033_T45QYG_20241121T122521_0
BD_20231026_S2B_MSIL2A_20231026T043849_R033_T45QYG_20231026T082600_1,BD_20231026_S2B_MSIL2A_20231026T043849_R033_T45QYG_20241121T122521_1
BD_20231026_S2B_MSIL2A_20231026T043849_R033_T45QYG_20231026T082600_2,BD_20231026_S2B_MSIL2A_20231026T043849_R033_T45QYG_20241121T122521_2
BD_20231026_S2B_MSIL2A_20231026T043849_R033_T45QYG_20231026T082600_3,BD_20231026_S2B_MSIL2A_20231026T043849_R033_T45QYG_20241121T122521_3
BD_20231026_S2B_MSIL2A_20231026T043849_R033_T45RXK_20231026T084147_0,BD_20231026_S2B_MSIL2A_20231026T043849_R033_T45RXK_20241121T122521_0
BD_20231026_S2B_MSIL2A_20231026T043849_R033_T45RXK_20231026T084147_1,BD_20231026_S2B_MSIL2A_20231026T043849_R033_T45RXK_20241121T122521_1
BD_20231026_S2B_MSIL2A_20231026T043849_R033_T45RYK_20231026T084342_0,BD_20231026_S2B_MSIL2A_20231026T043849_R033_T45RYK_20241121T122521_0
