sheet_pos,id,decision,reason,batch
0,BD_20191029_S2A_MSIL2A_20191029T042911_R133_T45QYE_20201004T071507_0,keep,,pilot
1,BD_20191029_S2A_MSIL2A_20191029T042911_R133_T45QYE_20201004T071507_1,keep,,pilot
2,BD_20191021_S2B_MSIL2A_20191021T041809_R090_T46QDM_20201004T044435_0,reject,cloud shadow labelled water,pilot
3,BD_20191021_S2B_MSIL2A_20191021T041809_R090_T46QDM_20201004T044435_1,reject,cloud shadow labelled water,pilot
4,BD_20191021_S2B_MSIL2A_20191021T041809_R090_T46QDL_20201004T044439_0,reject,cloud shadow labelled water,pilot
5,BD_20191021_S2B_MSIL2A_20191021T041809_R090_T46QDL_20201004T044439_1,keep,,pilot
6,BD_20191021_S2B_MSIL2A_20191021T041809_R090_T46QDK_20201004T044437_0,keep,,pilot
7,BD_20191021_S2B_MSIL2A_20191021T041809_R090_T46QDK_20201004T044437_1,keep,,pilot
8,BD_20191021_S2B_MSIL2A_20191021T041809_R090_T46QCL_20201004T044426_0,reject,cloud shadow labelled water,pilot
9,BD_20191021_S2B_MSIL2A_20191021T041809_R090_T46QCK_20201004T044428_0,keep,,pilot
10,BD_20191021_S2B_MSIL2A_20191021T041809_R090_T46QCK_20201004T044428_1,keep,,pilot
11,BD_20191021_S2B_MSIL2A_20191021T041809_R090_T46QCK_20201004T044428_2,keep,,pilot
12,BD_20191019_S2A_MSIL2A_20191019T042801_R133_T46RBN_20201004T035415_0,keep,,pilot
13,BD_20191019_S2A_MSIL2A_20191019T042801_R133_T46RBN_20201004T035415_1,keep,,pilot
14,BD_20191019_S2A_MSIL2A_20191019T042801_R133_T46RBN_20201004T035415_2,keep,,pilot
15,BD_20191019_S2A_MSIL2A_20191019T042801_R133_T46QCM_20201004T035416_0,keep,,pilot
16,BD_20191019_S2A_MSIL2A_20191019T042801_R133_T46QCK_20201004T035410_0,keep,,out_02-07.txt
17,BD_20191019_S2A_MSIL2A_20191019T042801_R133_T46QCK_20201004T035410_1,keep,,out_02-07.txt
18,BD_20191019_S2A_MSIL2A_20191019T042801_R133_T45RZH_20201004T035414_0,keep,,out_02-07.txt
19,BD_20191019_S2A_MSIL2A_20191019T042801_R133_T45RZH_20201004T035414_1,keep,,out_02-07.txt
20,BD_20191017_S2B_MSIL2A_20191017T043759_R033_T45RXJ_20201004T032156_0,reject,unmasked cumulus,out_02-07.txt
21,BD_20191017_S2B_MSIL2A_20191017T043759_R033_T45RXJ_20201004T032156_1,reject,unmasked cumulus,out_02-07.txt
22,BD_20191017_S2B_MSIL2A_20191017T043759_R033_T45RXJ_20201004T032156_2,reject,cloud shadow labelled water,out_02-07.txt
23,BD_20191017_S2B_MSIL2A_20191017T043759_R033_T45RXJ_20201004T032156_3,reject,unmasked cumulus,out_02-07.txt
24,BD_20191017_S2B_MSIL2A_20191017T043759_R033_T45QYG_20201004T032154_0,reject,unmasked cumulus,out_02-07.txt
25,BD_20191017_S2B_MSIL2A_20191017T043759_R033_T45QYE_20201004T032148_0,reject,unmasked cumulus,out_02-07.txt
26,BD_20191014_S2B_MSIL2A_20191014T042729_R133_T46RCN_20201004T021555_0,keep,,out_02-07.txt
27,BD_20191014_S2B_MSIL2A_20191014T042729_R133_T46RCN_20201004T021555_1,keep,,out_02-07.txt
28,BD_20191014_S2B_MSIL2A_20191014T042729_R133_T46RCN_20201004T021555_2,keep,,out_02-07.txt
29,BD_20191014_S2B_MSIL2A_20191014T042729_R133_T46RCN_20201004T021555_3,keep,,out_02-07.txt
30,BD_20191014_S2B_MSIL2A_20191014T042729_R133_T46RBN_20201004T021557_0,keep,,out_02-07.txt
31,BD_20191014_S2B_MSIL2A_20191014T042729_R133_T46RBN_20201004T021557_1,keep,,out_02-07.txt
32,BD_20191014_S2B_MSIL2A_20191014T042729_R133_T46RBN_20201004T021557_2,keep,,out_02-07.txt
33,BD_20191014_S2B_MSIL2A_20191014T042729_R133_T46RBN_20201004T021557_3,keep,,out_02-07.txt
34,BD_20191014_S2B_MSIL2A_20191014T042729_R133_T46QCL_20201004T021556_0,keep,,out_02-07.txt
35,BD_20191014_S2B_MSIL2A_20191014T042729_R133_T46QBM_20201004T021553_0,keep,,out_02-07.txt
36,BD_20191014_S2B_MSIL2A_20191014T042729_R133_T46QBM_20201004T021553_1,keep,,out_02-07.txt
37,BD_20191014_S2B_MSIL2A_20191014T042729_R133_T46QBM_20201004T021553_2,keep,,out_02-07.txt
38,BD_20191014_S2B_MSIL2A_20191014T042729_R133_T46QBM_20201004T021553_3,keep,,out_02-07.txt
39,BD_20191014_S2B_MSIL2A_20191014T042729_R133_T46QBL_20201106T054822_0,keep,,out_02-07.txt
40,BD_20191014_S2B_MSIL2A_20191014T042729_R133_T46QBL_20201106T054822_1,keep,,out_02-07.txt
41,BD_20191014_S2B_MSIL2A_20191014T042729_R133_T46QBL_20201106T054822_2,keep,,out_02-07.txt
42,BD_20191014_S2B_MSIL2A_20191014T042729_R133_T46QBL_20201106T054822_3,keep,,out_02-07.txt
43,BD_20191014_S2B_MSIL2A_20191014T042729_R133_T46QBK_20201004T021632_0,keep,,out_02-07.txt
44,BD_20191014_S2B_MSIL2A_20191014T042729_R133_T46QBK_20201004T021632_1,keep,,out_02-07.txt
45,BD_20191014_S2B_MSIL2A_20191014T042729_R133_T46QBK_20201004T021632_2,keep,,out_02-07.txt
46,BD_20191014_S2B_MSIL2A_20191014T042729_R133_T46QBK_20201004T021632_3,keep,,out_02-07.txt
47,BD_20191014_S2B_MSIL2A_20191014T042729_R133_T45RZH_20201106T054830_0,keep,,out_02-07.txt
48,BD_20191014_S2B_MSIL2A_20191014T042729_R133_T45RZH_20201106T054830_1,keep,,out_02-07.txt
49,BD_20191014_S2B_MSIL2A_20191014T042729_R133_T45RZH_20201106T054830_2,keep,,out_02-07.txt
50,BD_20191014_S2B_MSIL2A_20191014T042729_R133_T45RZH_20201106T054830_3,keep,,out_02-07.txt
51,BD_20191014_S2B_MSIL2A_20191014T042729_R133_T45RYJ_20201004T021546_0,keep,,out_02-07.txt
52,BD_20191014_S2B_MSIL2A_20191014T042729_R133_T45RYJ_20201004T021546_1,keep,,out_02-07.txt
53,BD_20191014_S2B_MSIL2A_20191014T042729_R133_T45RYJ_20201004T021546_2,keep,,out_02-07.txt
54,BD_20191014_S2B_MSIL2A_20191014T042729_R133_T45RYJ_20201004T021546_3,keep,,out_02-07.txt
55,BD_20191014_S2B_MSIL2A_20191014T042729_R133_T45RYH_20201004T021550_0,keep,,out_02-07.txt
56,BD_20191014_S2B_MSIL2A_20191014T042729_R133_T45RYH_20201004T021550_1,keep,,out_02-07.txt
57,BD_20191014_S2B_MSIL2A_20191014T042729_R133_T45RYH_20201004T021550_2,keep,,out_02-07.txt
58,BD_20191014_S2B_MSIL2A_20191014T042729_R133_T45RYH_20201004T021550_3,keep,,out_02-07.txt
59,BD_20191014_S2B_MSIL2A_20191014T042729_R133_T45QZG_20201004T021558_0,keep,,out_02-07.txt
60,BD_20191014_S2B_MSIL2A_20191014T042729_R133_T45QZG_20201004T021558_1,keep,,out_02-07.txt
61,BD_20191014_S2B_MSIL2A_20191014T042729_R133_T45QZG_20201004T021558_2,keep,,out_02-07.txt
62,BD_20191014_S2B_MSIL2A_20191014T042729_R133_T45QZG_20201004T021558_3,keep,,out_02-07.txt
63,BD_20191014_S2B_MSIL2A_20191014T042729_R133_T45QZF_20201004T021553_0,keep,,out_02-07.txt
64,BD_20191014_S2B_MSIL2A_20191014T042729_R133_T45QZF_20201004T021553_1,keep,,08-13
65,BD_20191014_S2B_MSIL2A_20191014T042729_R133_T45QZF_20201004T021553_2,keep,,08-13
66,BD_20191014_S2B_MSIL2A_20191014T042729_R133_T45QZF_20201004T021553_3,keep,,08-13
67,BD_20191014_S2B_MSIL2A_20191014T042729_R133_T45QZE_20201004T021552_0,keep,,08-13
68,BD_20191014_S2B_MSIL2A_20191014T042729_R133_T45QZE_20201004T021552_1,keep,,08-13
69,BD_20191014_S2B_MSIL2A_20191014T042729_R133_T45QZE_20201004T021552_2,keep,,08-13
70,BD_20191014_S2B_MSIL2A_20191014T042729_R133_T45QZE_20201004T021552_3,keep,,08-13
71,BD_20191014_S2B_MSIL2A_20191014T042729_R133_T45QYG_20201004T021549_0,keep,,08-13
72,BD_20191014_S2B_MSIL2A_20191014T042729_R133_T45QYG_20201004T021549_1,keep,,08-13
73,BD_20191014_S2B_MSIL2A_20191014T042729_R133_T45QYG_20201004T021549_2,keep,,08-13
74,BD_20191014_S2B_MSIL2A_20191014T042729_R133_T45QYG_20201004T021549_3,keep,,08-13
75,BD_20191014_S2B_MSIL2A_20191014T042729_R133_T45QYF_20201004T021551_0,keep,,08-13
76,BD_20191014_S2B_MSIL2A_20191014T042729_R133_T45QYF_20201004T021551_1,keep,,08-13
77,BD_20191014_S2B_MSIL2A_20191014T042729_R133_T45QYF_20201004T021551_2,keep,,08-13
78,BD_20191014_S2B_MSIL2A_20191014T042729_R133_T45QYF_20201004T021551_3,keep,,08-13
79,BD_20191014_S2B_MSIL2A_20191014T042729_R133_T45QYE_20201004T021550_0,keep,,08-13
80,BD_20191014_S2B_MSIL2A_20191014T042729_R133_T45QYE_20201004T021550_1,keep,,08-13
81,BD_20191014_S2B_MSIL2A_20191014T042729_R133_T45QYE_20201004T021550_2,keep,,08-13
82,BD_20191014_S2B_MSIL2A_20191014T042729_R133_T45QYE_20201004T021550_3,keep,,08-13
83,BD_20191009_S2A_MSIL2A_20191009T042711_R133_T46QDL_20201004T001402_0,reject,unmasked cumulus,08-13
84,BD_20191009_S2A_MSIL2A_20191009T042711_R133_T46QCM_20201004T001417_0,reject,unmasked cumulus,08-13
85,BD_20191006_S2A_MSIL2A_20191006T041631_R090_T46RDN_20201003T230636_0,reject,unmasked cumulus,08-13
86,BD_20191004_S2B_MSIL2A_20191004T042709_R133_T45QYE_20201003T223244_0,keep,,08-13
87,BD_20191004_S2B_MSIL2A_20191004T042709_R133_T45QYE_20201003T223244_1,keep,,08-13
88,BD_20190922_S2A_MSIL2A_20190922T043701_R033_T45QXG_20201004T155721_0,keep,,08-13
89,BD_20190922_S2A_MSIL2A_20190922T043701_R033_T45QXG_20201004T155721_1,keep,,08-13
90,BD_20190922_S2A_MSIL2A_20190922T043701_R033_T45QXG_20201004T155721_2,keep,,08-13
91,BD_20190922_S2A_MSIL2A_20190922T043701_R033_T45QXG_20201004T155721_3,keep,,08-13
92,BD_20190922_S2A_MSIL2A_20190922T043701_R033_T45QXF_20201004T155721_0,keep,,08-13
93,BD_20190922_S2A_MSIL2A_20190922T043701_R033_T45QXF_20201004T155721_1,keep,,08-13
94,BD_20190922_S2A_MSIL2A_20190922T043701_R033_T45QXF_20201004T155721_2,keep,,08-13
95,BD_20190922_S2A_MSIL2A_20190922T043701_R033_T45QXF_20201004T155721_3,keep,,08-13
96,BD_20190919_S2A_MSIL2A_20190919T042701_R133_T46RCN_20201004T144846_0,keep,,08-13
97,BD_20190919_S2A_MSIL2A_20190919T042701_R133_T46RCN_20201004T144846_1,keep,,08-13
98,BD_20190919_S2A_MSIL2A_20190919T042701_R133_T46RCN_20201004T144846_2,keep,,08-13
99,BD_20190919_S2A_MSIL2A_20190919T042701_R133_T46RCN_20201004T144846_3,keep,,08-13
100,BD_20190919_S2A_MSIL2A_20190919T042701_R133_T46QCM_20201004T144842_0,keep,,08-13
101,BD_20190919_S2A_MSIL2A_20190919T042701_R133_T46QCM_20201004T144842_1,keep,,08-13
102,BD_20190919_S2A_MSIL2A_20190919T042701_R133_T46QCM_20201004T144842_2,keep,,08-13
103,BD_20190919_S2A_MSIL2A_20190919T042701_R133_T46QCM_20201004T144842_3,keep,,08-13
104,BD_20190919_S2A_MSIL2A_20190919T042701_R133_T46QBL_20201004T144842_0,keep,,08-13
105,BD_20190919_S2A_MSIL2A_20190919T042701_R133_T46QBL_20201004T144842_1,keep,,08-13
106,BD_20190919_S2A_MSIL2A_20190919T042701_R133_T46QBL_20201004T144842_2,keep,,08-13
107,BD_20190919_S2A_MSIL2A_20190919T042701_R133_T45QYG_20201004T144834_0,keep,,08-13
108,BD_20190919_S2A_MSIL2A_20190919T042701_R133_T45QYG_20201004T144834_1,reject,haze/unmasked cumulus,08-13
109,BD_20190919_S2A_MSIL2A_20190919T042701_R133_T45QYG_20201004T144834_2,keep,,08-13
110,BD_20190919_S2A_MSIL2A_20190919T042701_R133_T45QYG_20201004T144834_3,keep,,08-13
111,BD_20190919_S2A_MSIL2A_20190919T042701_R133_T45QYF_20201004T144840_0,keep,,08-13
112,BD_20200801_S2A_MSIL2A_20200801T041601_R090_T46QCK_20200815T165700_0,keep,,14-19
113,BD_20201015_S2B_MSIL2A_20201015T041739_R090_T46RDN_20201019T094119_0,keep,,14-19
114,BD_20201015_S2B_MSIL2A_20201015T041739_R090_T46RDN_20201019T094119_1,keep,,14-19
115,BD_20201013_S2A_MSIL2A_20201013T042731_R133_T46RBN_20201020T013450_0,keep,,14-19
116,BD_20201013_S2A_MSIL2A_20201013T042731_R133_T46RBN_20201020T013450_1,keep,,14-19
117,BD_20201013_S2A_MSIL2A_20201013T042731_R133_T46RBN_20201020T013450_2,keep,,14-19
118,BD_20201013_S2A_MSIL2A_20201013T042731_R133_T46QCK_20201015T061808_0,keep,,14-19
119,BD_20201013_S2A_MSIL2A_20201013T042731_R133_T46QCK_20201015T061808_1,keep,,14-19
120,BD_20201013_S2A_MSIL2A_20201013T042731_R133_T45RZH_20201020T014653_0,keep,,14-19
121,BD_20201013_S2A_MSIL2A_20201013T042731_R133_T45RZH_20201020T014653_1,keep,,14-19
122,BD_20201011_S2B_MSIL2A_20201011T043719_R033_T45RYJ_20201014T022018_0,keep,,14-19
123,BD_20201011_S2B_MSIL2A_20201011T043719_R033_T45RYJ_20201014T022018_1,keep,,14-19
124,BD_20201011_S2B_MSIL2A_20201011T043719_R033_T45RYJ_20201014T022018_2,keep,,14-19
125,BD_20201011_S2B_MSIL2A_20201011T043719_R033_T45RYJ_20201014T022018_3,keep,,14-19
126,BD_20201008_S2B_MSIL2A_20201008T042709_R133_T46RCN_20201010T103919_0,keep,,14-19
127,BD_20201008_S2B_MSIL2A_20201008T042709_R133_T46RCN_20201010T103919_1,keep,,14-19
128,BD_20201008_S2B_MSIL2A_20201008T042709_R133_T46RBN_20201010T103924_0,keep,,14-19
129,BD_20201008_S2B_MSIL2A_20201008T042709_R133_T46RBN_20201010T103924_1,keep,,14-19
130,BD_20201008_S2B_MSIL2A_20201008T042709_R133_T46QBL_20201010T103924_0,keep,,14-19
131,BD_20201008_S2B_MSIL2A_20201008T042709_R133_T45RZH_20201027T125009_0,keep,,14-19
132,BD_20201008_S2B_MSIL2A_20201008T042709_R133_T45RZH_20201027T125009_1,keep,,14-19
133,BD_20211031_S2A_MSIL2A_20211031T043931_R033_T45QYG_20211031T144226_0,keep,,14-19
134,BD_20211031_S2A_MSIL2A_20211031T043931_R033_T45QYG_20211031T144226_1,keep,,14-19
135,BD_20211031_S2A_MSIL2A_20211031T043931_R033_T45QYG_20211031T144226_2,keep,,14-19
136,BD_20211031_S2A_MSIL2A_20211031T043931_R033_T45QYG_20211031T144226_3,keep,,14-19
137,BD_20211031_S2A_MSIL2A_20211031T043931_R033_T45QYF_20211031T152155_0,keep,,14-19
138,BD_20211031_S2A_MSIL2A_20211031T043931_R033_T45QXF_20211031T144847_0,keep,,14-19
139,BD_20211031_S2A_MSIL2A_20211031T043931_R033_T45QXF_20211031T144847_1,keep,,14-19
140,BD_20211031_S2A_MSIL2A_20211031T043931_R033_T45QXF_20211031T144847_2,keep,,14-19
141,BD_20211031_S2A_MSIL2A_20211031T043931_R033_T45QXF_20211031T144847_3,keep,,14-19
142,BD_20211026_S2B_MSIL2A_20211026T043859_R033_T45QYF_20211026T154823_0,keep,,14-19
143,BD_20211026_S2B_MSIL2A_20211026T043859_R033_T45QYF_20211026T154823_1,keep,,14-19
144,BD_20211026_S2B_MSIL2A_20211026T043859_R033_T45QYF_20211026T154823_2,keep,,14-19
145,BD_20211026_S2B_MSIL2A_20211026T043859_R033_T45QYF_20211026T154823_3,keep,,14-19
146,BD_20211026_S2B_MSIL2A_20211026T043859_R033_T45QXF_20211026T150049_0,keep,,14-19
147,BD_20211026_S2B_MSIL2A_20211026T043859_R033_T45QXE_20211026T160504_0,keep,,14-19
148,BD_20211010_S2B_MSIL2A_20211010T041709_R090_T46QDM_20211010T115249_0,reject,cloud shadow labelled water,14-19
149,BD_20210930_S2B_MSIL2A_20210930T041549_R090_T46QCK_20210930T143432_0,keep,,14-19
150,BD_20210930_S2B_MSIL2A_20210930T041549_R090_T46QCK_20210930T143432_1,keep,,14-19
151,BD_20210930_S2B_MSIL2A_20210930T041549_R090_T46QCK_20210930T143432_2,keep,,14-19
152,BD_20210926_S2B_MSIL2A_20210926T043659_R033_T45RYJ_20210927T010924_0,keep,,14-19
153,BD_20210925_S2A_MSIL2A_20210925T041551_R090_T46RDN_20210926T015537_0,keep,,14-19
154,BD_20210925_S2A_MSIL2A_20210925T041551_R090_T46RDN_20210926T015537_1,keep,,14-19
155,BD_20210925_S2A_MSIL2A_20210925T041551_R090_T46RDN_20210926T015537_2,keep,,14-19
156,BD_20210925_S2A_MSIL2A_20210925T041551_R090_T46RDN_20210926T015537_3,keep,,14-19
157,BD_20210903_S2B_MSIL2A_20210903T042659_R133_T46RCN_20210903T104628_0,keep,,14-19
158,BD_20210903_S2B_MSIL2A_20210903T042659_R133_T46RCN_20210903T104628_1,keep,,14-19
159,BD_20210903_S2B_MSIL2A_20210903T042659_R133_T46RBN_20210903T105009_0,keep,,14-19
160,BD_20210903_S2B_MSIL2A_20210903T042659_R133_T46RBN_20210903T105009_1,reject,haze/unmasked cumulus,20-25
161,BD_20220715_S2A_MSIL2A_20220715T042721_R133_T45RYJ_20220715T172542_0,keep,,20-25
162,BD_20220715_S2A_MSIL2A_20220715T042721_R133_T45RYJ_20220715T172542_1,keep,,20-25
163,BD_20220715_S2A_MSIL2A_20220715T042721_R133_T45RYJ_20220715T172542_2,keep,,20-25
164,BD_20220715_S2A_MSIL2A_20220715T042721_R133_T45RYJ_20220715T172542_3,keep,,20-25
165,BD_20220712_S2A_MSIL2A_20220712T041601_R090_T46QDK_20220713T170239_0,keep,,20-25
166,BD_20220712_S2A_MSIL2A_20220712T041601_R090_T46QDK_20220713T170239_1,keep,,20-25
167,BD_20220712_S2A_MSIL2A_20220712T041601_R090_T46QDK_20220713T170239_2,reject,unmasked cumulus,20-25
168,BD_20221031_S2B_MSIL2A_20221031T043919_R033_T45RZH_20221031T135118_0,keep,,20-25
169,BD_20221031_S2B_MSIL2A_20221031T043919_R033_T45RZH_20221031T135118_1,keep,,20-25
170,BD_20221031_S2B_MSIL2A_20221031T043919_R033_T45RYK_20221031T142844_0,keep,,20-25
171,BD_20221031_S2B_MSIL2A_20221031T043919_R033_T45RYK_20221031T142844_1,keep,,20-25
172,BD_20221031_S2B_MSIL2A_20221031T043919_R033_T45RXK_20221031T141525_0,keep,,20-25
173,BD_20221031_S2B_MSIL2A_20221031T043919_R033_T45QYG_20221031T134132_0,keep,,20-25
174,BD_20221031_S2B_MSIL2A_20221031T043919_R033_T45QYG_20221031T134132_1,keep,,20-25
175,BD_20221031_S2B_MSIL2A_20221031T043919_R033_T45QYG_20221031T134132_2,keep,,20-25
176,BD_20221031_S2B_MSIL2A_20221031T043919_R033_T45QYG_20221031T134132_3,keep,,20-25
177,BD_20221031_S2B_MSIL2A_20221031T043919_R033_T45QXG_20221031T150505_0,keep,,20-25
178,BD_20221031_S2B_MSIL2A_20221031T043919_R033_T45QXG_20221031T150505_1,keep,,20-25
179,BD_20221028_S2B_MSIL2A_20221028T042859_R133_T46RDN_20221028T170817_0,keep,,20-25
180,BD_20221028_S2B_MSIL2A_20221028T042859_R133_T46RDN_20221028T170817_1,keep,,20-25
181,BD_20221028_S2B_MSIL2A_20221028T042859_R133_T46RDN_20221028T170817_2,keep,,20-25
182,BD_20221028_S2B_MSIL2A_20221028T042859_R133_T46RDN_20221028T170817_3,keep,,20-25
183,BD_20221028_S2B_MSIL2A_20221028T042859_R133_T46RCN_20221028T170917_0,reject,haze/unmasked cumulus,20-25
184,BD_20221028_S2B_MSIL2A_20221028T042859_R133_T46RCN_20221028T170917_1,keep,,20-25
185,BD_20221028_S2B_MSIL2A_20221028T042859_R133_T46RCN_20221028T170917_2,keep,,20-25
186,BD_20221028_S2B_MSIL2A_20221028T042859_R133_T46RCN_20221028T170917_3,keep,,20-25
187,BD_20221028_S2B_MSIL2A_20221028T042859_R133_T46RBN_20221028T170155_0,keep,,20-25
188,BD_20221028_S2B_MSIL2A_20221028T042859_R133_T46RBN_20221028T170155_1,keep,,20-25
189,BD_20221028_S2B_MSIL2A_20221028T042859_R133_T46RBN_20221028T170155_2,keep,,20-25
190,BD_20221028_S2B_MSIL2A_20221028T042859_R133_T46QCM_20221028T170331_0,keep,,20-25
191,BD_20221028_S2B_MSIL2A_20221028T042859_R133_T46QCM_20221028T170331_1,keep,,20-25
192,BD_20221028_S2B_MSIL2A_20221028T042859_R133_T46QCM_20221028T170331_2,keep,,20-25
193,BD_20221028_S2B_MSIL2A_20221028T042859_R133_T46QCM_20221028T170331_3,keep,,20-25
194,BD_20221028_S2B_MSIL2A_20221028T042859_R133_T46QCL_20221028T165007_0,keep,,20-25
195,BD_20221028_S2B_MSIL2A_20221028T042859_R133_T46QCK_20221028T173449_0,reject,unmasked cumulus,20-25
196,BD_20221028_S2B_MSIL2A_20221028T042859_R133_T46QBM_20240802T023230_0,keep,,20-25
197,BD_20221028_S2B_MSIL2A_20221028T042859_R133_T46QBM_20240802T023230_1,keep,,20-25
198,BD_20221028_S2B_MSIL2A_20221028T042859_R133_T46QBM_20240802T023230_2,keep,,20-25
199,BD_20221028_S2B_MSIL2A_20221028T042859_R133_T46QBM_20240802T023230_3,keep,,20-25
200,BD_20221028_S2B_MSIL2A_20221028T042859_R133_T46QBM_20221028T172452_0,keep,,20-25
201,BD_20221028_S2B_MSIL2A_20221028T042859_R133_T46QBM_20221028T172452_1,keep,,20-25
202,BD_20221028_S2B_MSIL2A_20221028T042859_R133_T46QBM_20221028T172452_2,keep,,20-25
203,BD_20221028_S2B_MSIL2A_20221028T042859_R133_T46QBM_20221028T172452_3,keep,,20-25
204,BD_20221028_S2B_MSIL2A_20221028T042859_R133_T46QBL_20221028T164547_0,keep,,20-25
205,BD_20221028_S2B_MSIL2A_20221028T042859_R133_T46QBL_20221028T164547_1,keep,,20-25
206,BD_20221028_S2B_MSIL2A_20221028T042859_R133_T46QBL_20221028T164547_2,keep,,20-25
207,BD_20221028_S2B_MSIL2A_20221028T042859_R133_T46QBL_20221028T164547_3,keep,,20-25
208,BD_20221028_S2B_MSIL2A_20221028T042859_R133_T45RZH_20221028T174257_0,keep,,out_26-31.txt
209,BD_20221028_S2B_MSIL2A_20221028T042859_R133_T45QZG_20221028T161658_0,keep,,out_26-31.txt
210,BD_20221028_S2B_MSIL2A_20221028T042859_R133_T45QZG_20221028T161658_1,keep,,out_26-31.txt
211,BD_20221028_S2B_MSIL2A_20221028T042859_R133_T45QZG_20221028T161658_2,keep,,out_26-31.txt
212,BD_20221028_S2B_MSIL2A_20221028T042859_R133_T45QZG_20221028T161658_3,keep,,out_26-31.txt
213,BD_20221028_S2B_MSIL2A_20221028T042859_R133_T45QZF_20221028T163158_0,keep,,out_26-31.txt
214,BD_20221028_S2B_MSIL2A_20221028T042859_R133_T45QZF_20221028T163158_1,keep,,out_26-31.txt
215,BD_20221028_S2B_MSIL2A_20221028T042859_R133_T45QZF_20221028T163158_2,keep,,out_26-31.txt
216,BD_20221028_S2B_MSIL2A_20221028T042859_R133_T45QZF_20221028T163158_3,keep,,out_26-31.txt
217,BD_20221026_S2A_MSIL2A_20221026T043901_R033_T45QYG_20221026T160658_0,keep,,out_26-31.txt
218,BD_20221026_S2A_MSIL2A_20221026T043901_R033_T45QXF_20221026T171409_0,reject,unmasked cumulus,out_26-31.txt
219,BD_20221026_S2A_MSIL2A_20221026T043901_R033_T45QXF_20221026T171409_1,keep,,out_26-31.txt
220,BD_20221026_S2A_MSIL2A_20221026T043901_R033_T45QXF_20221026T171409_2,keep,,out_26-31.txt
221,BD_20221026_S2A_MSIL2A_20221026T043901_R033_T45QXF_20221026T171409_3,keep,,out_26-31.txt
222,BD_20221021_S2B_MSIL2A_20221021T043819_R033_T45RYJ_20221022T080153_0,keep,,out_26-31.txt
223,BD_20221021_S2B_MSIL2A_20221021T043819_R033_T45RYJ_20221022T080153_1,keep,,out_26-31.txt
224,BD_20221021_S2B_MSIL2A_20221021T043819_R033_T45RYJ_20221022T080153_2,keep,,out_26-31.txt
225,BD_20221021_S2B_MSIL2A_20221021T043819_R033_T45QYG_20221022T071910_0,keep,,out_26-31.txt
226,BD_20221021_S2B_MSIL2A_20221021T043819_R033_T45QYG_20221022T071910_1,keep,,out_26-31.txt
227,BD_20221021_S2B_MSIL2A_20221021T043819_R033_T45QYG_20221022T071910_2,keep,,out_26-31.txt
228,BD_20221021_S2B_MSIL2A_20221021T043819_R033_T45QYG_20221022T071910_3,keep,,out_26-31.txt
229,BD_20221021_S2B_MSIL2A_20221021T043819_R033_T45QYF_20221022T075410_0,keep,,out_26-31.txt
230,BD_20221021_S2B_MSIL2A_20221021T043819_R033_T45QYF_20221022T075410_1,keep,,out_26-31.txt
231,BD_20221021_S2B_MSIL2A_20221021T043819_R033_T45QYF_20221022T075410_2,keep,,out_26-31.txt
232,BD_20221021_S2B_MSIL2A_20221021T043819_R033_T45QYF_20221022T075410_3,keep,,out_26-31.txt
233,BD_20221021_S2B_MSIL2A_20221021T043819_R033_T45QYE_20221022T082708_0,keep,,out_26-31.txt
234,BD_20221021_S2B_MSIL2A_20221021T043819_R033_T45QYE_20221022T082708_1,keep,,out_26-31.txt
235,BD_20221021_S2B_MSIL2A_20221021T043819_R033_T45QYE_20221022T082708_2,keep,,out_26-31.txt
236,BD_20221021_S2B_MSIL2A_20221021T043819_R033_T45QYE_20221022T082708_3,keep,,out_26-31.txt
237,BD_20221021_S2B_MSIL2A_20221021T043819_R033_T45QXG_20221022T073945_0,keep,,out_26-31.txt
238,BD_20221021_S2B_MSIL2A_20221021T043819_R033_T45QXG_20221022T073945_1,keep,,out_26-31.txt
239,BD_20221021_S2B_MSIL2A_20221021T043819_R033_T45QXG_20221022T073945_2,keep,,out_26-31.txt
240,BD_20221021_S2B_MSIL2A_20221021T043819_R033_T45QXG_20221022T073945_3,keep,,out_26-31.txt
241,BD_20221021_S2B_MSIL2A_20221021T043819_R033_T45QXF_20221022T075849_0,keep,,out_26-31.txt
242,BD_20221021_S2B_MSIL2A_20221021T043819_R033_T45QXF_20221022T075849_1,keep,,out_26-31.txt
243,BD_20221021_S2B_MSIL2A_20221021T043819_R033_T45QXF_20221022T075849_2,keep,,out_26-31.txt
244,BD_20221021_S2B_MSIL2A_20221021T043819_R033_T45QXF_20221022T075849_3,keep,,out_26-31.txt
245,BD_20221021_S2B_MSIL2A_20221021T043819_R033_T45QXE_20221022T072338_0,keep,,out_26-31.txt
246,BD_20221015_S2B_MSIL2A_20221015T041739_R090_T46QCK_20221015T192901_0,keep,,out_26-31.txt
247,BD_20221015_S2B_MSIL2A_20221015T041739_R090_T46QCK_20221015T192901_1,keep,,out_26-31.txt
248,BD_20221015_S2B_MSIL2A_20221015T041739_R090_T46QCK_20221015T192901_2,keep,,out_26-31.txt
249,BD_20221015_S2B_MSIL2A_20221015T041739_R090_T46QCK_20221015T192901_3,keep,,out_26-31.txt
250,BD_20221008_S2B_MSIL2A_20221008T042659_R133_T46QBM_20240718T082048_0,keep,,out_26-31.txt
251,BD_20221008_S2B_MSIL2A_20221008T042659_R133_T46QBL_20240718T082048_0,keep,,out_26-31.txt
252,BD_20221008_S2B_MSIL2A_20221008T042659_R133_T45QZG_20240718T082048_0,keep,,out_26-31.txt
253,BD_20221008_S2B_MSIL2A_20221008T042659_R133_T45QZG_20240718T082048_1,keep,,out_26-31.txt
254,BD_20221008_S2B_MSIL2A_20221008T042659_R133_T45QYG_20240718T082048_0,keep,,out_26-31.txt
255,BD_20221008_S2B_MSIL2A_20221008T042659_R133_T45QYG_20240718T082048_1,keep,,out_26-31.txt
256,BD_20221008_S2B_MSIL2A_20221008T042659_R133_T45QYE_20240718T082048_0,keep,,out_32-36.txt
257,BD_20221008_S2B_MSIL2A_20221008T042659_R133_T45QYE_20240718T082048_1,keep,,out_32-36.txt
258,BD_20220928_S2B_MSIL2A_20220928T042709_R133_T46RBN_20220928T191719_0,reject,unmasked cumulus,out_32-36.txt
259,BD_20220928_S2B_MSIL2A_20220928T042709_R133_T46RBN_20220928T191719_1,reject,cloud shadow labelled water,out_32-36.txt
260,BD_20220928_S2B_MSIL2A_20220928T042709_R133_T46RBN_20220928T191719_2,reject,unmasked cumulus,out_32-36.txt
261,BD_20220928_S2B_MSIL2A_20220928T042709_R133_T46RBN_20220928T191719_3,reject,unmasked cumulus,out_32-36.txt
262,BD_20220928_S2B_MSIL2A_20220928T042709_R133_T45RZH_20220928T190004_0,keep,,out_32-36.txt
263,BD_20220928_S2B_MSIL2A_20220928T042709_R133_T45RZH_20220928T190004_1,reject,unmasked cumulus,out_32-36.txt
264,BD_20220928_S2B_MSIL2A_20220928T042709_R133_T45RZH_20220928T190004_2,reject,unmasked cumulus,out_32-36.txt
265,BD_20220928_S2B_MSIL2A_20220928T042709_R133_T45RZH_20220928T190004_3,keep,,out_32-36.txt
266,BD_20220928_S2B_MSIL2A_20220928T042709_R133_T45RYJ_20220928T190933_0,keep,,out_32-36.txt
267,BD_20220928_S2B_MSIL2A_20220928T042709_R133_T45RYJ_20220928T190933_1,keep,,out_32-36.txt
268,BD_20220928_S2B_MSIL2A_20220928T042709_R133_T45RYJ_20220928T190933_2,keep,,out_32-36.txt
269,BD_20220928_S2B_MSIL2A_20220928T042709_R133_T45RYH_20220928T180809_0,keep,,out_32-36.txt
270,BD_20220928_S2B_MSIL2A_20220928T042709_R133_T45RYH_20220928T180809_1,keep,,out_32-36.txt
271,BD_20220928_S2B_MSIL2A_20220928T042709_R133_T45RYH_20220928T180809_2,keep,,out_32-36.txt
272,BD_20220928_S2B_MSIL2A_20220928T042709_R133_T45RYH_20220928T180809_3,keep,,out_32-36.txt
273,BD_20220908_S2B_MSIL2A_20220908T042709_R133_T46RDN_20220911T113356_0,keep,,out_32-36.txt
274,BD_20220908_S2B_MSIL2A_20220908T042709_R133_T46RDN_20220911T113356_1,reject,unmasked cumulus,out_32-36.txt
275,BD_20220908_S2B_MSIL2A_20220908T042709_R133_T46RDN_20220911T113356_2,keep,,out_32-36.txt
276,BD_20220908_S2B_MSIL2A_20220908T042709_R133_T46RDN_20220911T113356_3,keep,,out_32-36.txt
277,BD_20220908_S2B_MSIL2A_20220908T042709_R133_T46RCN_20220911T114330_0,keep,,out_32-36.txt
278,BD_20220908_S2B_MSIL2A_20220908T042709_R133_T46RCN_20220911T114330_1,keep,,out_32-36.txt
279,BD_20220908_S2B_MSIL2A_20220908T042709_R133_T46RCN_20220911T114330_2,keep,,out_32-36.txt
280,BD_20220908_S2B_MSIL2A_20220908T042709_R133_T46RCN_20220911T114330_3,keep,,out_32-36.txt
281,BD_20231026_S2B_MSIL2A_20231026T043849_R033_T45RYK_20241121T122521_0,keep,,out_32-36.txt
282,BD_20231026_S2B_MSIL2A_20231026T043849_R033_T45RYK_20231026T084342_0,keep,,out_32-36.txt
283,BD_20231026_S2B_MSIL2A_20231026T043849_R033_T45RYK_20231026T084342_1,keep,,out_32-36.txt
284,BD_20231026_S2B_MSIL2A_20231026T043849_R033_T45RXK_20241121T122521_0,keep,,out_32-36.txt
285,BD_20231026_S2B_MSIL2A_20231026T043849_R033_T45RXK_20241121T122521_1,keep,,out_32-36.txt
286,BD_20231026_S2B_MSIL2A_20231026T043849_R033_T45RXK_20231026T084147_0,keep,,out_32-36.txt
287,BD_20231026_S2B_MSIL2A_20231026T043849_R033_T45RXK_20231026T084147_1,keep,,out_32-36.txt
288,BD_20231026_S2B_MSIL2A_20231026T043849_R033_T45RXH_20241121T122521_0,reject,unmasked cumulus,out_32-36.txt
289,BD_20231026_S2B_MSIL2A_20231026T043849_R033_T45RXH_20231026T085147_0,reject,unmasked cumulus,out_32-36.txt
290,BD_20231026_S2B_MSIL2A_20231026T043849_R033_T45QYG_20241121T122521_0,keep,,out_32-36.txt
291,BD_20231026_S2B_MSIL2A_20231026T043849_R033_T45QYG_20241121T122521_1,keep,,out_32-36.txt
292,BD_20231026_S2B_MSIL2A_20231026T043849_R033_T45QYG_20241121T122521_2,keep,,out_32-36.txt
293,BD_20231026_S2B_MSIL2A_20231026T043849_R033_T45QYG_20241121T122521_3,keep,,out_32-36.txt
294,BD_20231026_S2B_MSIL2A_20231026T043849_R033_T45QYG_20231026T082600_0,keep,,out_32-36.txt
295,BD_20231026_S2B_MSIL2A_20231026T043849_R033_T45QYG_20231026T082600_1,keep,,out_32-36.txt
296,BD_20231026_S2B_MSIL2A_20231026T043849_R033_T45QYG_20231026T082600_2,keep,,out_37-40.txt
297,BD_20231026_S2B_MSIL2A_20231026T043849_R033_T45QYG_20231026T082600_3,keep,,out_37-40.txt
298,BD_20231026_S2B_MSIL2A_20231026T043849_R033_T45QYF_20241121T122521_0,keep,,out_37-40.txt
299,BD_20231026_S2B_MSIL2A_20231026T043849_R033_T45QYF_20241121T122521_1,keep,,out_37-40.txt
300,BD_20231026_S2B_MSIL2A_20231026T043849_R033_T45QYF_20231026T082549_0,keep,,out_37-40.txt
301,BD_20231026_S2B_MSIL2A_20231026T043849_R033_T45QYF_20231026T082549_1,keep,,out_37-40.txt
302,BD_20231026_S2B_MSIL2A_20231026T043849_R033_T45QYE_20241121T122521_0,keep,,out_37-40.txt
303,BD_20231026_S2B_MSIL2A_20231026T043849_R033_T45QYE_20231026T082359_0,keep,,out_37-40.txt
304,BD_20231026_S2B_MSIL2A_20231026T043849_R033_T45QXG_20241121T122521_0,keep,,out_37-40.txt
305,BD_20231026_S2B_MSIL2A_20231026T043849_R033_T45QXG_20231026T082608_0,keep,,out_37-40.txt
306,BD_20231021_S2A_MSIL2A_20231021T043821_R033_T45RYJ_20231021T091852_0,keep,,out_37-40.txt
307,BD_20231021_S2A_MSIL2A_20231021T043821_R033_T45RYJ_20231021T091852_1,keep,,out_37-40.txt
308,BD_20231021_S2A_MSIL2A_20231021T043821_R033_T45RYJ_20231021T091852_2,keep,,out_37-40.txt
309,BD_20231021_S2A_MSIL2A_20231021T043821_R033_T45RYJ_20231021T091852_3,keep,,out_37-40.txt
310,BD_20231016_S2B_MSIL2A_20231016T043749_R033_T45RYJ_20241108T183400_0,reject,cloud shadow labelled water,out_37-40.txt
311,BD_20231016_S2B_MSIL2A_20231016T043749_R033_T45RYJ_20241108T183400_1,keep,,out_37-40.txt
312,BD_20231016_S2B_MSIL2A_20231016T043749_R033_T45RYJ_20241108T183400_2,keep,,out_37-40.txt
313,BD_20231016_S2B_MSIL2A_20231016T043749_R033_T45RYJ_20241108T183400_3,reject,cloud shadow labelled water,out_37-40.txt
314,BD_20231016_S2B_MSIL2A_20231016T043749_R033_T45RYJ_20231016T094425_0,reject,cloud shadow labelled water,out_37-40.txt
315,BD_20231016_S2B_MSIL2A_20231016T043749_R033_T45RYJ_20231016T094425_1,keep,,out_37-40.txt
316,BD_20231016_S2B_MSIL2A_20231016T043749_R033_T45RYJ_20231016T094425_2,keep,,out_37-40.txt
317,BD_20231016_S2B_MSIL2A_20231016T043749_R033_T45RYJ_20231016T094425_3,reject,cloud shadow labelled water,out_37-40.txt
318,BD_20231016_S2B_MSIL2A_20231016T043749_R033_T45QYF_20231016T094446_0,keep,,out_37-40.txt
319,BD_20231016_S2B_MSIL2A_20231016T043749_R033_T45QYF_20231016T094446_1,keep,,out_37-40.txt
320,BD_20231016_S2B_MSIL2A_20231016T043749_R033_T45QYF_20231016T094446_2,keep,,out_37-40.txt
321,BD_20231016_S2B_MSIL2A_20231016T043749_R033_T45QYF_20231016T094446_3,keep,,out_37-40.txt
322,BD_20231016_S2B_MSIL2A_20231016T043749_R033_T45QYE_20231016T091545_0,keep,,out_37-40.txt
323,BD_20231016_S2B_MSIL2A_20231016T043749_R033_T45QYE_20231016T091545_1,keep,,out_37-40.txt
324,BD_20231016_S2B_MSIL2A_20231016T043749_R033_T45QYE_20231016T091545_2,keep,,out_37-40.txt
325,BD_20231016_S2B_MSIL2A_20231016T043749_R033_T45QYE_20231016T091545_3,keep,,out_37-40.txt
326,BD_20231016_S2B_MSIL2A_20231016T043749_R033_T45QXF_20231016T094049_0,keep,,out_37-40.txt
327,BD_20231016_S2B_MSIL2A_20231016T043749_R033_T45QXF_20231016T094049_1,keep,,out_37-40.txt
328,BD_20231016_S2B_MSIL2A_20231016T043749_R033_T45QXF_20231016T094049_2,reject,unmasked cumulus,out_41-44.txt
329,BD_20231016_S2B_MSIL2A_20231016T043749_R033_T45QXF_20231016T094049_3,reject,unmasked cumulus,out_41-44.txt
330,BD_20231016_S2B_MSIL2A_20231016T043749_R033_T45QXE_20241108T183400_0,keep,,out_41-44.txt
331,BD_20231016_S2B_MSIL2A_20231016T043749_R033_T45QXE_20231016T093000_0,keep,,out_41-44.txt
332,BD_20231010_S2B_MSIL2A_20231010T041709_R090_T46QCJ_20241106T012434_0,keep,,out_41-44.txt
333,BD_20231010_S2B_MSIL2A_20231010T041709_R090_T46QCJ_20241106T012434_1,keep,,out_41-44.txt
334,BD_20231010_S2B_MSIL2A_20231010T041709_R090_T46QCJ_20231010T102303_0,keep,,out_41-44.txt
335,BD_20231010_S2B_MSIL2A_20231010T041709_R090_T46QCJ_20231010T102303_1,keep,,out_41-44.txt
336,BD_20230928_S2A_MSIL2A_20230928T042711_R133_T46RBN_20230928T091835_0,keep,,out_41-44.txt
337,BD_20230928_S2A_MSIL2A_20230928T042711_R133_T46RBN_20230928T091835_1,keep,,out_41-44.txt
338,BD_20230928_S2A_MSIL2A_20230928T042711_R133_T46RBN_20230928T091835_2,keep,,out_41-44.txt
339,BD_20230928_S2A_MSIL2A_20230928T042711_R133_T45RZH_20230928T091839_0,keep,,out_41-44.txt
340,BD_20230928_S2A_MSIL2A_20230928T042711_R133_T45RZH_20230928T091839_1,keep,,out_41-44.txt
341,BD_20230915_S2A_MSIL2A_20230915T041551_R090_T46QCK_20241024T214401_0,keep,,out_41-44.txt
342,BD_20230915_S2A_MSIL2A_20230915T041551_R090_T46QCK_20230915T113252_0,keep,,out_41-44.txt
343,BD_20230903_S2B_MSIL2A_20230903T042709_R133_T46RDN_20240909T045314_0,keep,,out_41-44.txt
344,BD_20230903_S2B_MSIL2A_20230903T042709_R133_T46RDN_20240909T045314_1,keep,,out_41-44.txt
345,BD_20230903_S2B_MSIL2A_20230903T042709_R133_T46RDN_20240909T045314_2,keep,,out_41-44.txt
346,BD_20230903_S2B_MSIL2A_20230903T042709_R133_T46RDN_20240909T045314_3,keep,,out_41-44.txt
347,BD_20230903_S2B_MSIL2A_20230903T042709_R133_T46RDN_20230903T102509_0,keep,,out_41-44.txt
348,BD_20230903_S2B_MSIL2A_20230903T042709_R133_T46RDN_20230903T102509_1,keep,,out_41-44.txt
349,BD_20230903_S2B_MSIL2A_20230903T042709_R133_T46RDN_20230903T102509_2,keep,,out_41-44.txt
350,BD_20230903_S2B_MSIL2A_20230903T042709_R133_T46RDN_20230903T102509_3,keep,,out_41-44.txt
351,BD_20230903_S2B_MSIL2A_20230903T042709_R133_T46RCN_20240909T045314_0,keep,,out_41-44.txt
352,BD_20230903_S2B_MSIL2A_20230903T042709_R133_T46RCN_20240909T045314_1,keep,,out_41-44.txt
353,BD_20230903_S2B_MSIL2A_20230903T042709_R133_T46RCN_20240909T045314_2,keep,,out_41-44.txt
354,BD_20230903_S2B_MSIL2A_20230903T042709_R133_T46RCN_20230903T102529_0,keep,,out_41-44.txt
355,BD_20230903_S2B_MSIL2A_20230903T042709_R133_T46RCN_20230903T102529_1,keep,,out_41-44.txt
356,BD_20230903_S2B_MSIL2A_20230903T042709_R133_T46RCN_20230903T102529_2,keep,,out_41-44.txt
357,BD_20230901_S2A_MSIL2A_20230901T043711_R033_T45RXH_20240824T081357_0,keep,,out_41-44.txt
