id,s2_item,s1_item,s2_datetime,s1_datetime,gap_hours,lon_center,lat_center,water_frac,nodata_frac,vv_mean_db,vh_mean_db,band
BD_20240830_S2A_MSIL2A_20240830T041551_R090_T46QCJ_20240830T092754_0,S2A_MSIL2A_20240830T041551_R090_T46QCJ_20240830T092754,S1A_IW_GRDH_1SDV_20240830T234838_20240830T234903_055449_06C393_rtc,2024-08-30T04:15:51.024000Z,2024-08-30T23:48:51.009687Z,19.549996024166663,92.00288119691433,21.63213338617962,0.7810629252031445,0.019306182861328125,-12.10856819152832,-17.96914291381836,high
BD_20240830_S2A_MSIL2A_20240830T041551_R090_T46QCK_20240830T092754_0,S2A_MSIL2A_20240830T041551_R090_T46QCK_20240830T092754,S1A_IW_GRDH_1SDV_20240830T234813_20240830T234838_055449_06C393_rtc,2024-08-30T04:15:51.024000Z,2024-08-30T23:48:26.009532Z,19.543051536666667,91.70657052508034,22.53564808617962,0.028464713826808184,0.00011444091796875,-6.306646347045898,-12.72411060333252,low
BD_20240830_S2A_MSIL2A_20240830T041551_R090_T46QCK_20240830T092754_1,S2A_MSIL2A_20240830T041551_R090_T46QCK_20240830T092754,S1A_IW_GRDH_1SDV_20240830T234813_20240830T234838_055449_06C393_rtc,2024-08-30T04:15:51.024000Z,2024-08-30T23:48:26.009532Z,19.543051536666667,91.79855801017418,22.53564808617962,0.07630104701927906,0.01264190673828125,-7.2529096603393555,-13.664670944213867,high
BD_20240912_S2A_MSIL2A_20240912T042701_R133_T46RDN_20240912T094948_0,S2A_MSIL2A_20240912T042701_R133_T46RDN_20240912T094948,S1A_IW_GRDH_1SDV_20240911T234748_20240911T234813_055624_06CA73_rtc,2024-09-12T04:27:01.024000Z,2024-09-11T23:48:01.485982Z,4.649871671666666,92.21409610185555,25.07246690163277,0.03468103600796929,0.00818634033203125,-7.573530197143555,-14.305037498474121,high
BD_20240912_S2A_MSIL2A_20240912T042701_R133_T46RDN_20240912T094948_1,S2A_MSIL2A_20240912T042701_R133_T46RDN_20240912T094948,S1A_IW_GRDH_1SDV_20240911T234748_20240911T234813_055624_06CA73_rtc,2024-09-12T04:27:01.024000Z,2024-09-11T23:48:01.485982Z,4.649871671666666,92.16810235930863,25.02647315908585,0.24294710084923646,0.009532928466796875,-8.103395462036133,-15.32118034362793,high
BD_20240912_S2A_MSIL2A_20240912T042701_R133_T46RDN_20240912T094948_2,S2A_MSIL2A_20240912T042701_R133_T46RDN_20240912T094948,S1A_IW_GRDH_1SDV_20240911T234748_20240911T234813_055624_06CA73_rtc,2024-09-12T04:27:01.024000Z,2024-09-11T23:48:01.485982Z,4.649871671666666,92.21409610185555,25.02647315908585,0.20143890380859375,0.0,-7.7143330574035645,-15.020532608032227,high
BD_20240912_S2A_MSIL2A_20240912T042701_R133_T46RDN_20240912T094948_3,S2A_MSIL2A_20240912T042701_R133_T46RDN_20240912T094948,S1A_IW_GRDH_1SDV_20240911T234748_20240911T234813_055624_06CA73_rtc,2024-09-12T04:27:01.024000Z,2024-09-11T23:48:01.485982Z,4.649871671666666,92.26008984440247,25.02647315908585,0.09806442260742188,0.0,-8.138324737548828,-15.263042449951172,high
BD_20241015_S2A_MSIL2A_20241015T043741_R033_T45QXF_20241015T083051_0,S2A_MSIL2A_20241015T043741_R033_T45QXF_20241015T083051,S1A_IW_GRDH_1SDV_20241016T000439_20241016T000504_056120_06DDFB_rtc,2024-10-15T04:37:41.024000Z,2024-10-16T00:04:52.002976Z,19.453049715555554,88.81151192836745,23.431166729968346,0.05580580389522145,0.00069427490234375,-6.750484466552734,-13.579507827758789,high
BD_20241015_S2A_MSIL2A_20241015T043741_R033_T45QXF_20241015T083051_1,S2A_MSIL2A_20241015T043741_R033_T45QXF_20241015T083051,S1A_IW_GRDH_1SDV_20241016T000439_20241016T000504_056120_06DDFB_rtc,2024-10-15T04:37:41.024000Z,2024-10-16T00:04:52.002976Z,19.453049715555554,88.85750567091438,23.431166729968346,0.02158355712890625,0.0,-6.7107062339782715,-13.42171573638916,low
BD_20241015_S2A_MSIL2A_20241015T043741_R033_T45QXF_20241015T083051_2,S2A_MSIL2A_20241015T043741_R033_T45QXF_20241015T083051,S1A_IW_GRDH_1SDV_20241016T000439_20241016T000504_056120_06DDFB_rtc,2024-10-15T04:37:41.024000Z,2024-10-16T00:04:52.002976Z,19.453049715555554,88.90349941346129,23.431166729968346,0.049343109130859375,0.0,-6.64681339263916,-13.158745765686035,high
BD_20241015_S2A_MSIL2A_20241015T043741_R033_T45QXF_20241015T083051_3,S2A_MSIL2A_20241015T043741_R033_T45QXF_20241015T083051,S1A_IW_GRDH_1SDV_20241016T000439_20241016T000504_056120_06DDFB_rtc,2024-10-15T04:37:41.024000Z,2024-10-16T00:04:52.002976Z,19.453049715555554,88.94949315600822,23.431166729968346,0.14455413818359375,0.0,-7.751120567321777,-13.865468978881836,high
BD_20241015_S2A_MSIL2A_20241015T043741_R033_T45QYF_20241015T083051_0,S2A_MSIL2A_20241015T043741_R033_T45QYF_20241015T083051,S1A_IW_GRDH_1SDV_20241016T000439_20241016T000504_056120_06DDFB_rtc,2024-10-15T04:37:41.024000Z,2024-10-16T00:04:52.002976Z,19.453049715555554,89.01861976999548,23.42925558617962,0.028240203857421875,0.0,-7.018688201904297,-13.371816635131836,low
BD_20241015_S2A_MSIL2A_20241015T043741_R033_T45QYF_20241015T083051_1,S2A_MSIL2A_20241015T043741_R033_T45QYF_20241015T083051,S1A_IW_GRDH_1SDV_20241016T000439_20241016T000504_056120_06DDFB_rtc,2024-10-15T04:37:41.024000Z,2024-10-16T00:04:52.002976Z,19.453049715555554,89.01861976999548,23.383261843632702,0.021877197229042036,0.007144927978515625,-6.212519645690918,-12.744051933288574,low
BD_20241015_S2A_MSIL2A_20241015T043741_R033_T45QYF_20241015T083051_2,S2A_MSIL2A_20241015T043741_R033_T45QYF_20241015T083051,S1A_IW_GRDH_1SDV_20241016T000439_20241016T000504_056120_06DDFB_rtc,2024-10-15T04:37:41.024000Z,2024-10-16T00:04:52.002976Z,19.453049715555554,89.01861976999548,23.337268101085783,0.036380767822265625,0.0,-6.691329479217529,-13.143178939819336,high
BD_20241017_S2B_MSIL2A_20241017T042709_R133_T46RDN_20241017T072217_0,S2B_MSIL2A_20241017T042709_R133_T46RDN_20241017T072217,S1A_IW_GRDH_1SDV_20241017T234750_20241017T234815_056149_06DF30_rtc,2024-10-17T04:27:09.024000Z,2024-10-17T23:48:02.580467Z,19.348210129722222,92.03012113166787,25.164454386726607,0.15218157036311009,0.0036468505859375,-8.721019744873047,-15.04312515258789,high
BD_20241017_S2B_MSIL2A_20241017T042709_R133_T46RDN_20241017T072217_1,S2B_MSIL2A_20241017T042709_R133_T46RDN_20241017T072217,S1A_IW_GRDH_1SDV_20241017T234750_20241017T234815_056149_06DF30_rtc,2024-10-17T04:27:09.024000Z,2024-10-17T23:48:02.580467Z,19.348210129722222,92.03012113166787,25.118460644179688,0.2716580718873518,0.01171875,-11.205902099609375,-16.430112838745117,high
BD_20241017_S2B_MSIL2A_20241017T042709_R133_T46RDN_20241017T072217_2,S2B_MSIL2A_20241017T042709_R133_T46RDN_20241017T072217,S1A_IW_GRDH_1SDV_20241017T234750_20241017T234815_056149_06DF30_rtc,2024-10-17T04:27:09.024000Z,2024-10-17T23:48:02.580467Z,19.348210129722222,92.0761148742148,25.118460644179688,0.2523765563964844,0.0,-11.008200645446777,-16.265621185302734,high
BD_20241017_S2B_MSIL2A_20241017T042709_R133_T46RDN_20241017T072217_3,S2B_MSIL2A_20241017T042709_R133_T46RDN_20241017T072217,S1A_IW_GRDH_1SDV_20241017T234750_20241017T234815_056149_06DF30_rtc,2024-10-17T04:27:09.024000Z,2024-10-17T23:48:02.580467Z,19.348210129722222,92.12210861676171,25.118460644179688,0.07422637939453125,0.0,-8.897330284118652,-14.627090454101562,high
BD_20241020_S2B_MSIL2A_20241020T043729_R033_T45QYG_20241020T070252_0,S2B_MSIL2A_20241020T043729_R033_T45QYG_20241020T070252,S1A_IW_GRDH_1SDV_20241020T120443_20241020T120508_056186_06E09F_rtc,2024-10-20T04:37:29.024000Z,2024-10-20T12:04:56.250812Z,7.457563003333334,89.33132376682835,23.739654289441873,0.04835680932201756,0.010684967041015625,-7.776656627655029,-14.032105445861816,high
BD_20241020_S2B_MSIL2A_20241020T043729_R033_T45QYG_20241020T070252_1,S2B_MSIL2A_20241020T043729_R033_T45QYG_20241020T070252,S1A_IW_GRDH_1SDV_20241020T120443_20241020T120508_056186_06E09F_rtc,2024-10-20T04:37:29.024000Z,2024-10-20T12:04:56.250812Z,7.457563003333334,89.37731750937527,23.739654289441873,0.031253814697265625,0.0,-7.4460906982421875,-13.770191192626953,high
BD_20241020_S2B_MSIL2A_20241020T043729_R033_T45QYG_20241020T070252_2,S2B_MSIL2A_20241020T043729_R033_T45QYG_20241020T070252,S1A_IW_GRDH_1SDV_20241020T120443_20241020T120508_056186_06E09F_rtc,2024-10-20T04:37:29.024000Z,2024-10-20T12:04:56.250812Z,7.457563003333334,89.1933425391876,23.693660546894954,0.037128448486328125,0.0,-6.829795837402344,-13.250240325927734,high
BD_20241020_S2B_MSIL2A_20241020T043729_R033_T45QYG_20241020T070252_3,S2B_MSIL2A_20241020T043729_R033_T45QYG_20241020T070252,S1A_IW_GRDH_1SDV_20241020T120443_20241020T120508_056186_06E09F_rtc,2024-10-20T04:37:29.024000Z,2024-10-20T12:04:56.250812Z,7.457563003333334,89.23933628173451,23.693660546894954,0.025313922657461605,0.008724212646484375,-6.9120965003967285,-13.531784057617188,low
BD_20241020_S2B_MSIL2A_20241020T043729_R033_T45RXH_20241020T070252_0,S2B_MSIL2A_20241020T043729_R033_T45RXH_20241020T070252,S1A_IW_GRDH_1SDV_20241020T120508_20241020T120533_056186_06E09F_rtc,2024-10-20T04:37:29.024000Z,2024-10-20T12:05:21.250968Z,7.464507491111111,89.02232630490172,25.22968052083011,0.0124359130859375,0.0,-8.561806678771973,-14.49986457824707,low
BD_20241020_S2B_MSIL2A_20241020T043729_R033_T45RXH_20241020T070252_1,S2B_MSIL2A_20241020T043729_R033_T45RXH_20241020T070252,S1A_IW_GRDH_1SDV_20241020T120508_20241020T120533_056186_06E09F_rtc,2024-10-20T04:37:29.024000Z,2024-10-20T12:05:21.250968Z,7.464507491111111,89.02232630490172,25.183686778283192,0.017925262451171875,0.0,-7.359708309173584,-13.53208065032959,low
BD_20241020_S2B_MSIL2A_20241020T043729_R033_T45RXH_20241020T070252_2,S2B_MSIL2A_20241020T043729_R033_T45RXH_20241020T070252,S1A_IW_GRDH_1SDV_20241020T120508_20241020T120533_056186_06E09F_rtc,2024-10-20T04:37:29.024000Z,2024-10-20T12:05:21.250968Z,7.464507491111111,88.97633256235481,25.137693035736273,0.012035369873046875,0.0,-7.797874927520752,-13.854138374328613,low
BD_20241020_S2B_MSIL2A_20241020T043729_R033_T45RXH_20241020T070252_3,S2B_MSIL2A_20241020T043729_R033_T45RXH_20241020T070252,S1A_IW_GRDH_1SDV_20241020T120508_20241020T120533_056186_06E09F_rtc,2024-10-20T04:37:29.024000Z,2024-10-20T12:05:21.250968Z,7.464507491111111,89.02232630490172,25.137693035736273,0.016643157187100483,0.018314361572265625,-7.447615623474121,-13.707265853881836,low
BD_20241020_S2B_MSIL2A_20241020T043729_R033_T45RYJ_20241020T070252_0,S2B_MSIL2A_20241020T043729_R033_T45RYJ_20241020T070252,S1A_IW_GRDH_1SDV_20241020T120508_20241020T120533_056186_06E09F_rtc,2024-10-20T04:37:29.024000Z,2024-10-20T12:05:21.250968Z,7.464507491111111,89.05377901382039,25.262384836579557,0.019500732421875,0.0,-8.836536407470703,-14.652107238769531,low
BD_20241020_S2B_MSIL2A_20241020T043729_R033_T45RYJ_20241020T070252_1,S2B_MSIL2A_20241020T043729_R033_T45RYJ_20241020T070252,S1A_IW_GRDH_1SDV_20241020T120508_20241020T120533_056186_06E09F_rtc,2024-10-20T04:37:29.024000Z,2024-10-20T12:05:21.250968Z,7.464507491111111,89.0997727563673,25.262384836579557,0.02254486083984375,0.0,-8.489371299743652,-14.555967330932617,low
BD_20241020_S2B_MSIL2A_20241020T043729_R033_T45RYJ_20241020T070252_2,S2B_MSIL2A_20241020T043729_R033_T45RYJ_20241020T070252,S1A_IW_GRDH_1SDV_20241020T120508_20241020T120533_056186_06E09F_rtc,2024-10-20T04:37:29.024000Z,2024-10-20T12:05:21.250968Z,7.464507491111111,89.14576649891423,25.262384836579557,0.014362335205078125,0.0,-7.84907865524292,-14.656678199768066,low
BD_20241020_S2B_MSIL2A_20241020T043729_R033_T45RYJ_20241020T070252_3,S2B_MSIL2A_20241020T043729_R033_T45RYJ_20241020T070252,S1A_IW_GRDH_1SDV_20241020T120508_20241020T120533_056186_06E09F_rtc,2024-10-20T04:37:29.024000Z,2024-10-20T12:05:21.250968Z,7.464507491111111,89.19176024146114,25.262384836579557,0.019802093505859375,0.0,-8.03714370727539,-15.015081405639648,low
BD_20241022_S2A_MSIL2A_20241022T042831_R133_T45QYE_20241022T081405_0,S2A_MSIL2A_20241022T042831_R133_T45QYE_20241022T081405,S1A_IW_GRDH_1SDV_20241022T235632_20241022T235657_056222_06E204_rtc,2024-10-22T04:28:31.024000Z,2024-10-22T23:56:44.590564Z,19.470435156666664,89.14705385471841,22.524657686179623,0.62335205078125,0.0,-12.570402145385742,-18.695764541625977,high
BD_20241022_S2A_MSIL2A_20241022T042831_R133_T45QYE_20241022T081405_1,S2A_MSIL2A_20241022T042831_R133_T45QYE_20241022T081405,S1A_IW_GRDH_1SDV_20241022T235632_20241022T235657_056222_06E204_rtc,2024-10-22T04:28:31.024000Z,2024-10-22T23:56:44.590564Z,19.470435156666664,89.05506636962457,22.478663943632704,0.8009223937988281,0.0,-14.64142894744873,-20.768810272216797,high
BD_20241022_S2A_MSIL2A_20241022T042831_R133_T45QYE_20241022T081405_2,S2A_MSIL2A_20241022T042831_R133_T45QYE_20241022T081405,S1A_IW_GRDH_1SDV_20241022T235632_20241022T235657_056222_06E204_rtc,2024-10-22T04:28:31.024000Z,2024-10-22T23:56:44.590564Z,19.470435156666664,89.14705385471841,22.432670201085784,0.7559013366699219,0.0,-13.681156158447266,-19.58963394165039,high
BD_20241022_S2A_MSIL2A_20241022T042831_R133_T45QYG_20241022T081405_0,S2A_MSIL2A_20241022T042831_R133_T45QYG_20241022T081405,S1A_IW_GRDH_1SDV_20241022T235607_20241022T235632_056222_06E204_rtc,2024-10-22T04:28:31.024000Z,2024-10-22T23:56:19.590209Z,19.46349061361111,89.45384749066575,24.185245058538865,0.2604367606220229,0.001346588134765625,-9.159226417541504,-14.937485694885254,high
BD_20241022_S2A_MSIL2A_20241022T042831_R133_T45QYG_20241022T081405_1,S2A_MSIL2A_20241022T042831_R133_T45QYG_20241022T081405,S1A_IW_GRDH_1SDV_20241022T235607_20241022T235632_056222_06E204_rtc,2024-10-22T04:28:31.024000Z,2024-10-22T23:56:19.590209Z,19.46349061361111,89.49984123321268,24.185245058538865,0.4792137145996094,0.0,-11.236879348754883,-16.56568145751953,high
BD_20241022_S2A_MSIL2A_20241022T042831_R133_T45QYG_20241022T081405_2,S2A_MSIL2A_20241022T042831_R133_T45QYG_20241022T081405,S1A_IW_GRDH_1SDV_20241022T235607_20241022T235632_056222_06E204_rtc,2024-10-22T04:28:31.024000Z,2024-10-22T23:56:19.590209Z,19.46349061361111,89.54583497575959,24.185245058538865,0.6211485800731507,0.003963470458984375,-13.256691932678223,-17.84563636779785,high
BD_20241022_S2A_MSIL2A_20241022T042831_R133_T45QYG_20241022T081405_3,S2A_MSIL2A_20241022T042831_R133_T45QYG_20241022T081405,S1A_IW_GRDH_1SDV_20241022T235607_20241022T235632_056222_06E204_rtc,2024-10-22T04:28:31.024000Z,2024-10-22T23:56:19.590209Z,19.46349061361111,89.49984123321268,24.139251315991945,0.2515125989006973,0.008243560791015625,-9.696246147155762,-14.943319320678711,high
BD_20241022_S2A_MSIL2A_20241022T042831_R133_T45QZE_20241022T081405_0,S2A_MSIL2A_20241022T042831_R133_T45QZE_20241022T081405,S1A_IW_GRDH_1SDV_20241022T235632_20241022T235657_056222_06E204_rtc,2024-10-22T04:28:31.024000Z,2024-10-22T23:56:44.590564Z,19.470435156666664,89.97763626744118,22.51153938617962,0.20063018798828125,0.0,-8.348587989807129,-15.140876770019531,high
BD_20241022_S2A_MSIL2A_20241022T042831_R133_T45QZE_20241022T081405_1,S2A_MSIL2A_20241022T042831_R133_T45QZE_20241022T081405,S1A_IW_GRDH_1SDV_20241022T235632_20241022T235657_056222_06E204_rtc,2024-10-22T04:28:31.024000Z,2024-10-22T23:56:44.590564Z,19.470435156666664,90.0236300099881,22.51153938617962,0.29070076245973125,0.008876800537109375,-9.482053756713867,-15.92943000793457,high
BD_20241022_S2A_MSIL2A_20241022T042831_R133_T45QZE_20241022T081405_2,S2A_MSIL2A_20241022T042831_R133_T45QZE_20241022T081405,S1A_IW_GRDH_1SDV_20241022T235632_20241022T235657_056222_06E204_rtc,2024-10-22T04:28:31.024000Z,2024-10-22T23:56:44.590564Z,19.470435156666664,90.06962375253502,22.51153938617962,0.03457775390400184,0.00577545166015625,-6.7693986892700195,-13.945535659790039,high
BD_20241022_S2A_MSIL2A_20241022T042831_R133_T45QZE_20241022T081405_3,S2A_MSIL2A_20241022T042831_R133_T45QZE_20241022T081405,S1A_IW_GRDH_1SDV_20241022T235632_20241022T235657_056222_06E204_rtc,2024-10-22T04:28:31.024000Z,2024-10-22T23:56:44.590564Z,19.470435156666664,90.11561749508193,22.51153938617962,0.008502960205078125,0.0,-6.7599945068359375,-14.119537353515625,low
BD_20241022_S2A_MSIL2A_20241022T042831_R133_T45QZF_20241022T081405_0,S2A_MSIL2A_20241022T042831_R133_T45QZF_20241022T081405,S1A_IW_GRDH_1SDV_20241022T235632_20241022T235657_056222_06E204_rtc,2024-10-22T04:28:31.024000Z,2024-10-22T23:56:44.590564Z,19.470435156666664,89.98446321382039,23.413876586179622,0.057811737060546875,0.0,-7.207749366760254,-13.668264389038086,high
BD_20241022_S2A_MSIL2A_20241022T042831_R133_T45QZF_20241022T081405_1,S2A_MSIL2A_20241022T042831_R133_T45QZF_20241022T081405,S1A_IW_GRDH_1SDV_20241022T235632_20241022T235657_056222_06E204_rtc,2024-10-22T04:28:31.024000Z,2024-10-22T23:56:44.590564Z,19.470435156666664,90.0304569563673,23.413876586179622,0.035312652587890625,0.0,-7.608952045440674,-13.53972339630127,high
BD_20241022_S2A_MSIL2A_20241022T042831_R133_T45QZF_20241022T081405_2,S2A_MSIL2A_20241022T042831_R133_T45QZF_20241022T081405,S1A_IW_GRDH_1SDV_20241022T235632_20241022T235657_056222_06E204_rtc,2024-10-22T04:28:31.024000Z,2024-10-22T23:56:44.590564Z,19.470435156666664,90.07645069891423,23.413876586179622,0.15331268310546875,0.0,-8.580503463745117,-14.59023666381836,high
BD_20241022_S2A_MSIL2A_20241022T042831_R133_T45QZF_20241022T081405_3,S2A_MSIL2A_20241022T042831_R133_T45QZF_20241022T081405,S1A_IW_GRDH_1SDV_20241022T235632_20241022T235657_056222_06E204_rtc,2024-10-22T04:28:31.024000Z,2024-10-22T23:56:44.590564Z,19.470435156666664,90.12244444146114,23.413876586179622,0.06217193603515625,0.0,-6.891288757324219,-13.189756393432617,high
BD_20241022_S2A_MSIL2A_20241022T042831_R133_T45QZG_20241022T081405_0,S2A_MSIL2A_20241022T042831_R133_T45QZG_20241022T081405,S1A_IW_GRDH_1SDV_20241022T235607_20241022T235632_056222_06E204_rtc,2024-10-22T04:28:31.024000Z,2024-10-22T23:56:19.590209Z,19.46349061361111,90.01107549244773,24.31555218617962,0.0994873046875,0.0,-7.437862873077393,-13.633216857910156,high
BD_20241022_S2A_MSIL2A_20241022T042831_R133_T45QZG_20241022T081405_1,S2A_MSIL2A_20241022T042831_R133_T45QZG_20241022T081405,S1A_IW_GRDH_1SDV_20241022T235607_20241022T235632_056222_06E204_rtc,2024-10-22T04:28:31.024000Z,2024-10-22T23:56:19.590209Z,19.46349061361111,90.05706923499464,24.31555218617962,0.053070068359375,0.0,-7.127172946929932,-13.13276481628418,high
BD_20241022_S2A_MSIL2A_20241022T042831_R133_T45QZG_20241022T081405_2,S2A_MSIL2A_20241022T042831_R133_T45QZG_20241022T081405,S1A_IW_GRDH_1SDV_20241022T235607_20241022T235632_056222_06E204_rtc,2024-10-22T04:28:31.024000Z,2024-10-22T23:56:19.590209Z,19.46349061361111,90.10306297754157,24.31555218617962,0.15607070922851562,0.0,-8.403556823730469,-14.146231651306152,high
BD_20241022_S2A_MSIL2A_20241022T042831_R133_T45QZG_20241022T081405_3,S2A_MSIL2A_20241022T042831_R133_T45QZG_20241022T081405,S1A_IW_GRDH_1SDV_20241022T235607_20241022T235632_056222_06E204_rtc,2024-10-22T04:28:31.024000Z,2024-10-22T23:56:19.590209Z,19.46349061361111,90.01107549244773,24.2695584436327,0.07324981689453125,0.0,-7.512151718139648,-13.658438682556152,high
BD_20241022_S2A_MSIL2A_20241022T042831_R133_T46QBL_20241022T081405_0,S2A_MSIL2A_20241022T042831_R133_T46QBL_20241022T081405,S1A_IW_GRDH_1SDV_20241022T235632_20241022T235657_056222_06E204_rtc,2024-10-22T04:28:31.024000Z,2024-10-22T23:56:44.590564Z,19.470435156666664,90.13176831382039,23.43042508617962,0.18210983276367188,0.0,-7.941651821136475,-14.109501838684082,high
BD_20241022_S2A_MSIL2A_20241022T042831_R133_T46QBL_20241022T081405_1,S2A_MSIL2A_20241022T042831_R133_T46QBL_20241022T081405,S1A_IW_GRDH_1SDV_20241022T235632_20241022T235657_056222_06E204_rtc,2024-10-22T04:28:31.024000Z,2024-10-22T23:56:44.590564Z,19.470435156666664,90.1777620563673,23.43042508617962,0.5771780844911382,3.814697265625e-05,-12.780220031738281,-18.285125732421875,high
BD_20241022_S2A_MSIL2A_20241022T042831_R133_T46QBL_20241022T081405_2,S2A_MSIL2A_20241022T042831_R133_T46QBL_20241022T081405,S1A_IW_GRDH_1SDV_20241022T235632_20241022T235657_056222_06E204_rtc,2024-10-22T04:28:31.024000Z,2024-10-22T23:56:44.590564Z,19.470435156666664,90.22375579891423,23.43042508617962,0.6318518631573324,0.00023651123046875,-13.719664573669434,-18.50914192199707,high
BD_20241022_S2A_MSIL2A_20241022T042831_R133_T46QBL_20241022T081405_3,S2A_MSIL2A_20241022T042831_R133_T46QBL_20241022T081405,S1A_IW_GRDH_1SDV_20241022T235632_20241022T235657_056222_06E204_rtc,2024-10-22T04:28:31.024000Z,2024-10-22T23:56:44.590564Z,19.470435156666664,90.26974954146114,23.43042508617962,0.7631815961409294,0.00042724609375,-15.616864204406738,-19.672555923461914,high
BD_20241022_S2A_MSIL2A_20241022T042831_R133_T46QBM_20241022T081405_0,S2A_MSIL2A_20241022T042831_R133_T46QBM_20241022T081405,S1A_IW_GRDH_1SDV_20241022T235607_20241022T235632_056222_06E204_rtc,2024-10-22T04:28:31.024000Z,2024-10-22T23:56:19.590209Z,19.46349061361111,90.11127711382039,24.33281558617962,0.10682335625416829,0.00475311279296875,-7.887300968170166,-13.735492706298828,high
BD_20241022_S2A_MSIL2A_20241022T042831_R133_T46QBM_20241022T081405_1,S2A_MSIL2A_20241022T042831_R133_T46QBM_20241022T081405,S1A_IW_GRDH_1SDV_20241022T235607_20241022T235632_056222_06E204_rtc,2024-10-22T04:28:31.024000Z,2024-10-22T23:56:19.590209Z,19.46349061361111,90.11127711382039,24.2868218436327,0.010830296922242034,0.0158843994140625,-7.012506484985352,-12.807467460632324,low
BD_20241022_S2A_MSIL2A_20241022T042831_R133_T46QBM_20241022T081405_2,S2A_MSIL2A_20241022T042831_R133_T46QBM_20241022T081405,S1A_IW_GRDH_1SDV_20241022T235607_20241022T235632_056222_06E204_rtc,2024-10-22T04:28:31.024000Z,2024-10-22T23:56:19.590209Z,19.46349061361111,90.11127711382039,24.240828101085782,0.18651199340820312,0.0,-8.741724014282227,-14.657707214355469,high
BD_20241022_S2A_MSIL2A_20241022T042831_R133_T46QBM_20241022T081405_3,S2A_MSIL2A_20241022T042831_R133_T46QBM_20241022T081405,S1A_IW_GRDH_1SDV_20241022T235607_20241022T235632_056222_06E204_rtc,2024-10-22T04:28:31.024000Z,2024-10-22T23:56:19.590209Z,19.46349061361111,90.1572708563673,24.240828101085782,0.0053239929947460594,0.01981353759765625,-6.753219127655029,-12.855836868286133,low
BD_20241022_S2A_MSIL2A_20241022T042831_R133_T46QCM_20241022T081405_0,S2A_MSIL2A_20241022T042831_R133_T46QCM_20241022T081405,S1A_IW_GRDH_1SDV_20241022T235607_20241022T235632_056222_06E204_rtc,2024-10-22T04:28:31.024000Z,2024-10-22T23:56:19.590209Z,19.46349061361111,91.28071598400807,24.380420846984325,0.6478534207173321,2.288818359375e-05,-11.773412704467773,-18.127117156982422,high
BD_20241022_S2A_MSIL2A_20241022T042831_R133_T46QCM_20241022T081405_1,S2A_MSIL2A_20241022T042831_R133_T46QCM_20241022T081405,S1A_IW_GRDH_1SDV_20241022T235607_20241022T235632_056222_06E204_rtc,2024-10-22T04:28:31.024000Z,2024-10-22T23:56:19.590209Z,19.46349061361111,91.1427347563673,24.334427104437406,0.8469314575195312,0.0,-14.329038619995117,-20.743375778198242,high
BD_20241022_S2A_MSIL2A_20241022T042831_R133_T46QCM_20241022T081405_2,S2A_MSIL2A_20241022T042831_R133_T46QCM_20241022T081405,S1A_IW_GRDH_1SDV_20241022T235607_20241022T235632_056222_06E204_rtc,2024-10-22T04:28:31.024000Z,2024-10-22T23:56:19.590209Z,19.46349061361111,91.18872849891423,24.334427104437406,0.786956787109375,0.0,-12.68567180633545,-19.067344665527344,high
BD_20241022_S2A_MSIL2A_20241022T042831_R133_T46QCM_20241022T081405_3,S2A_MSIL2A_20241022T042831_R133_T46QCM_20241022T081405,S1A_IW_GRDH_1SDV_20241022T235607_20241022T235632_056222_06E204_rtc,2024-10-22T04:28:31.024000Z,2024-10-22T23:56:19.590209Z,19.46349061361111,91.23472224146114,24.334427104437406,0.8206291198730469,0.0,-13.122703552246094,-19.657611846923828,high
BD_20241022_S2A_MSIL2A_20241022T042831_R133_T46RCN_20241022T081405_0,S2A_MSIL2A_20241022T042831_R133_T46RCN_20241022T081405,S1A_IW_GRDH_1SDV_20241022T235542_20241022T235607_056222_06E204_rtc,2024-10-22T04:28:31.024000Z,2024-10-22T23:55:54.589800Z,19.456546055555556,91.17627172357456,25.136705582179697,0.8486366271972656,0.0,-16.024856567382812,-21.15017318725586,high
BD_20241022_S2A_MSIL2A_20241022T042831_R133_T46RCN_20241022T081405_1,S2A_MSIL2A_20241022T042831_R133_T46RCN_20241022T081405,S1A_IW_GRDH_1SDV_20241022T235542_20241022T235607_056222_06E204_rtc,2024-10-22T04:28:31.024000Z,2024-10-22T23:55:54.589800Z,19.456546055555556,91.22226546612147,25.136705582179697,0.13356781005859375,0.0,-9.319572448730469,-15.203030586242676,high
BD_20241022_S2A_MSIL2A_20241022T042831_R133_T46RCN_20241022T081405_2,S2A_MSIL2A_20241022T042831_R133_T46RCN_20241022T081405,S1A_IW_GRDH_1SDV_20241022T235542_20241022T235607_056222_06E204_rtc,2024-10-22T04:28:31.024000Z,2024-10-22T23:55:54.589800Z,19.456546055555556,91.2682592086684,25.136705582179697,0.11211013793945312,0.0,-9.154655456542969,-15.311845779418945,high
BD_20241022_S2A_MSIL2A_20241022T042831_R133_T46RCN_20241022T081405_3,S2A_MSIL2A_20241022T042831_R133_T46RCN_20241022T081405,S1A_IW_GRDH_1SDV_20241022T235542_20241022T235607_056222_06E204_rtc,2024-10-22T04:28:31.024000Z,2024-10-22T23:55:54.589800Z,19.456546055555556,91.22226546612147,25.090711839632778,0.7408370971679688,0.0,-14.276386260986328,-20.204086303710938,high
BD_20241027_S2B_MSIL2A_20241027T042809_R133_T46QDL_20241027T064846_0,S2B_MSIL2A_20241027T042809_R133_T46QDL_20241027T064846,S1A_IW_GRDH_1SDV_20241027T115626_20241027T115651_056288_06E4AA_rtc,2024-10-27T04:28:09.024000Z,2024-10-27T11:56:39.415346Z,7.475108707222223,92.08914611382039,23.255038615991943,0.006412506103515625,0.0,-7.206179618835449,-13.29837417602539,low
BD_20241029_S2A_MSIL2A_20241029T041911_R090_T46QCJ_20241029T065346_0,S2A_MSIL2A_20241029T041911_R090_T46QCJ_20241029T065346,S1A_IW_GRDH_1SDV_20241029T234839_20241029T234904_056324_06E61F_rtc,2024-10-29T04:19:11.024000Z,2024-10-29T23:48:52.436779Z,19.49483688305556,92.04887493946124,21.67812712872654,0.6275451039615976,0.009830474853515625,-11.287628173828125,-16.662296295166016,high
BD_20241029_S2A_MSIL2A_20241029T041911_R090_T46QCJ_20241029T065346_1,S2A_MSIL2A_20241029T041911_R090_T46QCJ_20241029T065346,S1A_IW_GRDH_1SDV_20241029T234839_20241029T234904_056324_06E61F_rtc,2024-10-29T04:19:11.024000Z,2024-10-29T23:48:52.436779Z,19.49483688305556,91.86489996927357,21.63213338617962,0.7167503471851298,0.0001373291015625,-13.576963424682617,-18.92721939086914,high
BD_20241029_S2A_MSIL2A_20241029T041911_R090_T46QCJ_20241029T065346_2,S2A_MSIL2A_20241029T041911_R090_T46QCJ_20241029T065346,S1A_IW_GRDH_1SDV_20241029T234839_20241029T234904_056324_06E61F_rtc,2024-10-29T04:19:11.024000Z,2024-10-29T23:48:52.436779Z,19.49483688305556,91.91089371182049,21.63213338617962,0.498950621994963,0.0003204345703125,-12.277486801147461,-17.68895149230957,high
BD_20241029_S2A_MSIL2A_20241029T041911_R090_T46QCJ_20241029T065346_3,S2A_MSIL2A_20241029T041911_R090_T46QCJ_20241029T065346,S1A_IW_GRDH_1SDV_20241029T234839_20241029T234904_056324_06E61F_rtc,2024-10-29T04:19:11.024000Z,2024-10-29T23:48:52.436779Z,19.49483688305556,92.00288119691433,21.63213338617962,0.7216758728027344,0.0,-12.630179405212402,-17.413570404052734,high
BD_20241029_S2A_MSIL2A_20241029T041911_R090_T46QCK_20241029T065346_0,S2A_MSIL2A_20241029T041911_R090_T46QCK_20241029T065346,S1A_IW_GRDH_1SDV_20241029T234814_20241029T234839_056324_06E61F_rtc,2024-10-29T04:19:11.024000Z,2024-10-29T23:48:27.436164Z,19.487892267777777,91.69136339463222,22.4896543436327,0.8386039733886719,0.0,-17.551610946655273,-22.254886627197266,high
BD_20241029_S2A_MSIL2A_20241029T041911_R090_T46QDJ_20241029T065346_0,S2A_MSIL2A_20241029T041911_R090_T46QDJ_20241029T065346,S1A_IW_GRDH_1SDV_20241029T234839_20241029T234904_056324_06E61F_rtc,2024-10-29T04:19:11.024000Z,2024-10-29T23:48:52.436779Z,19.49483688305556,92.05586337127346,21.633098529541723,0.451318179529584,0.015056610107421875,-11.497119903564453,-16.644718170166016,high
BD_20241029_S2A_MSIL2A_20241029T041911_R090_T46QDJ_20241029T065346_1,S2A_MSIL2A_20241029T041911_R090_T46QDJ_20241029T065346,S1A_IW_GRDH_1SDV_20241029T234839_20241029T234904_056324_06E61F_rtc,2024-10-29T04:19:11.024000Z,2024-10-29T23:48:52.436779Z,19.49483688305556,92.05586337127346,21.587104786994804,0.28241209539439227,0.016757965087890625,-9.838176727294922,-15.35733413696289,high
BD_20241029_S2A_MSIL2A_20241029T041911_R090_T46QDK_20241029T065346_0,S2A_MSIL2A_20241029T041911_R090_T46QDK_20241029T065346,S1A_IW_GRDH_1SDV_20241029T234814_20241029T234839_056324_06E61F_rtc,2024-10-29T04:19:11.024000Z,2024-10-29T23:48:27.436164Z,19.487892267777777,92.18765089891423,22.582467585146563,0.773210863420597,0.010738372802734375,-15.266562461853027,-19.042217254638672,high
BD_20241029_S2A_MSIL2A_20241029T041911_R090_T46QDK_20241029T065346_1,S2A_MSIL2A_20241029T041911_R090_T46QDK_20241029T065346,S1A_IW_GRDH_1SDV_20241029T234814_20241029T234839_056324_06E61F_rtc,2024-10-29T04:19:11.024000Z,2024-10-29T23:48:27.436164Z,19.487892267777777,92.04966967127346,22.536473842599644,0.008074965293845443,0.010772705078125,-7.775661468505859,-13.48238754272461,low
BD_20241029_S2A_MSIL2A_20241029T041911_R090_T46QDK_20241029T065346_2,S2A_MSIL2A_20241029T041911_R090_T46QDK_20241029T065346,S1A_IW_GRDH_1SDV_20241029T234814_20241029T234839_056324_06E61F_rtc,2024-10-29T04:19:11.024000Z,2024-10-29T23:48:27.436164Z,19.487892267777777,92.23364464146114,22.536473842599644,0.518183929400836,0.014434814453125,-12.49465274810791,-17.367116928100586,high
BD_20241029_S2A_MSIL2A_20241029T041911_R090_T46QDK_20241029T065346_3,S2A_MSIL2A_20241029T041911_R090_T46QDK_20241029T065346,S1A_IW_GRDH_1SDV_20241029T234814_20241029T234839_056324_06E61F_rtc,2024-10-29T04:19:11.024000Z,2024-10-29T23:48:27.436164Z,19.487892267777777,92.04966967127346,22.490480100052725,0.008633747349288094,0.01779937744140625,-7.651411056518555,-13.413986206054688,low
BD_20241029_S2A_MSIL2A_20241029T041911_R090_T46QDL_20241029T065346_0,S2A_MSIL2A_20241029T041911_R090_T46QDL_20241029T065346,S1A_IW_GRDH_1SDV_20241029T234814_20241029T234839_056324_06E61F_rtc,2024-10-29T04:19:11.024000Z,2024-10-29T23:48:27.436164Z,19.487892267777777,92.18113359891423,23.25535528212787,0.0084075927734375,0.0,-6.328070640563965,-13.013947486877441,low
