id,decision,reason
BD_20240830_S2A_MSIL2A_20240830T041551_R090_T46QCJ_20240830T092754_0,keep,
BD_20240830_S2A_MSIL2A_20240830T041551_R090_T46QCK_20240830T092754_0,keep,
BD_20240830_S2A_MSIL2A_20240830T041551_R090_T46QCK_20240830T092754_1,keep,
BD_20240912_S2A_MSIL2A_20240912T042701_R133_T46RDN_20240912T094948_0,reject,haze/unmasked cumulus
BD_20240912_S2A_MSIL2A_20240912T042701_R133_T46RDN_20240912T094948_1,reject,haze/unmasked cumulus
BD_20240912_S2A_MSIL2A_20240912T042701_R133_T46RDN_20240912T094948_2,reject,haze/unmasked cumulus
BD_20240912_S2A_MSIL2A_20240912T042701_R133_T46RDN_20240912T094948_3,keep,
BD_20241015_S2A_MSIL2A_20241015T043741_R033_T45QXF_20241015T083051_0,reject,haze/unmasked cumulus
BD_20241015_S2A_MSIL2A_20241015T043741_R033_T45QXF_20241015T083051_1,reject,unmasked cumulus
BD_20241015_S2A_MSIL2A_20241015T043741_R033_T45QXF_20241015T083051_2,reject,unmasked cumulus
BD_20241015_S2A_MSIL2A_20241015T043741_R033_T45QXF_20241015T083051_3,keep,
BD_20241015_S2A_MSIL2A_20241015T043741_R033_T45QYF_20241015T083051_0,reject,unmasked cumulus
BD_20241015_S2A_MSIL2A_20241015T043741_R033_T45QYF_20241015T083051_1,reject,unmasked cumulus
BD_20241015_S2A_MSIL2A_20241015T043741_R033_T45QYF_20241015T083051_2,keep,
BD_20241017_S2B_MSIL2A_20241017T042709_R133_T46RDN_20241017T072217_0,keep,
BD_20241017_S2B_MSIL2A_20241017T042709_R133_T46RDN_20241017T072217_1,keep,
BD_20241017_S2B_MSIL2A_20241017T042709_R133_T46RDN_20241017T072217_2,keep,
BD_20241017_S2B_MSIL2A_20241017T042709_R133_T46RDN_20241017T072217_3,keep,
BD_20241020_S2B_MSIL2A_20241020T043729_R033_T45QYG_20241020T070252_0,reject,unmasked cumulus
BD_20241020_S2B_MSIL2A_20241020T043729_R033_T45QYG_20241020T070252_1,reject,unmasked cumulus
BD_20241020_S2B_MSIL2A_20241020T043729_R033_T45QYG_20241020T070252_2,reject,unmasked cumulus
BD_20241020_S2B_MSIL2A_20241020T043729_R033_T45QYG_20241020T070252_3,reject,unmasked cumulus
BD_20241020_S2B_MSIL2A_20241020T043729_R033_T45RXH_20241020T070252_0,reject,unmasked cumulus
BD_20241020_S2B_MSIL2A_20241020T043729_R033_T45RXH_20241020T070252_1,keep,
BD_20241020_S2B_MSIL2A_20241020T043729_R033_T45RXH_20241020T070252_2,reject,unmasked cumulus
BD_20241020_S2B_MSIL2A_20241020T043729_R033_T45RXH_20241020T070252_3,reject,unmasked cumulus
BD_20241020_S2B_MSIL2A_20241020T043729_R033_T45RYJ_20241020T070252_0,keep,
BD_20241020_S2B_MSIL2A_20241020T043729_R033_T45RYJ_20241020T070252_1,reject,unmasked cumulus
BD_20241020_S2B_MSIL2A_20241020T043729_R033_T45RYJ_20241020T070252_2,keep,
BD_20241020_S2B_MSIL2A_20241020T043729_R033_T45RYJ_20241020T070252_3,keep,
BD_20241022_S2A_MSIL2A_20241022T042831_R133_T45QYE_20241022T081405_0,keep,
BD_20241022_S2A_MSIL2A_20241022T042831_R133_T45QYE_20241022T081405_1,keep,
BD_20241022_S2A_MSIL2A_20241022T042831_R133_T45QYE_20241022T081405_2,keep,
BD_20241022_S2A_MSIL2A_20241022T042831_R133_T45QYG_20241022T081405_0,keep,
BD_20241022_S2A_MSIL2A_20241022T042831_R133_T45QYG_20241022T081405_1,keep,
BD_20241022_S2A_MSIL2A_20241022T042831_R133_T45QYG_20241022T081405_2,keep,
BD_20241022_S2A_MSIL2A_20241022T042831_R133_T45QYG_20241022T081405_3,keep,
BD_20241022_S2A_MSIL2A_20241022T042831_R133_T45QZE_20241022T081405_0,keep,
BD_20241022_S2A_MSIL2A_20241022T042831_R133_T45QZE_20241022T081405_1,keep,
BD_20241022_S2A_MSIL2A_20241022T042831_R133_T45QZE_20241022T081405_2,keep,
BD_20241022_S2A_MSIL2A_20241022T042831_R133_T45QZE_20241022T081405_3,keep,
BD_20241022_S2A_MSIL2A_20241022T042831_R133_T45QZF_20241022T081405_0,keep,
BD_20241022_S2A_MSIL2A_20241022T042831_R133_T45QZF_20241022T081405_1,keep,
BD_20241022_S2A_MSIL2A_20241022T042831_R133_T45QZF_20241022T081405_2,keep,
BD_20241022_S2A_MSIL2A_20241022T042831_R133_T45QZF_20241022T081405_3,keep,
BD_20241022_S2A_MSIL2A_20241022T042831_R133_T45QZG_20241022T081405_0,keep,
BD_20241022_S2A_MSIL2A_20241022T042831_R133_T45QZG_20241022T081405_1,keep,
BD_20241022_S2A_MSIL2A_20241022T042831_R133_T45QZG_20241022T081405_2,keep,
BD_20241022_S2A_MSIL2A_20241022T042831_R133_T45QZG_20241022T081405_3,keep,
BD_20241022_S2A_MSIL2A_20241022T042831_R133_T46QBL_20241022T081405_0,keep,
BD_20241022_S2A_MSIL2A_20241022T042831_R133_T46QBL_20241022T081405_1,keep,
BD_20241022_S2A_MSIL2A_20241022T042831_R133_T46QBL_20241022T081405_2,keep,
BD_20241022_S2A_MSIL2A_20241022T042831_R133_T46QBL_20241022T081405_3,keep,
BD_20241022_S2A_MSIL2A_20241022T042831_R133_T46QBM_20241022T081405_0,keep,
BD_20241022_S2A_MSIL2A_20241022T042831_R133_T46QBM_20241022T081405_1,keep,
BD_20241022_S2A_MSIL2A_20241022T042831_R133_T46QBM_20241022T081405_2,keep,
BD_20241022_S2A_MSIL2A_20241022T042831_R133_T46QBM_20241022T081405_3,reject,unmasked cumulus
BD_20241022_S2A_MSIL2A_20241022T042831_R133_T46QCM_20241022T081405_0,keep,
BD_20241022_S2A_MSIL2A_20241022T042831_R133_T46QCM_20241022T081405_1,keep,
BD_20241022_S2A_MSIL2A_20241022T042831_R133_T46QCM_20241022T081405_2,keep,
BD_20241022_S2A_MSIL2A_20241022T042831_R133_T46QCM_20241022T081405_3,keep,
BD_20241022_S2A_MSIL2A_20241022T042831_R133_T46RCN_20241022T081405_0,keep,
BD_20241022_S2A_MSIL2A_20241022T042831_R133_T46RCN_20241022T081405_1,keep,
BD_20241022_S2A_MSIL2A_20241022T042831_R133_T46RCN_20241022T081405_2,keep,
BD_20241022_S2A_MSIL2A_20241022T042831_R133_T46RCN_20241022T081405_3,keep,
BD_20241027_S2B_MSIL2A_20241027T042809_R133_T46QDL_20241027T064846_0,keep,
BD_20241029_S2A_MSIL2A_20241029T041911_R090_T46QCJ_20241029T065346_0,keep,
BD_20241029_S2A_MSIL2A_20241029T041911_R090_T46QCJ_20241029T065346_1,keep,
BD_20241029_S2A_MSIL2A_20241029T041911_R090_T46QCJ_20241029T065346_2,keep,
BD_20241029_S2A_MSIL2A_20241029T041911_R090_T46QCJ_20241029T065346_3,keep,
BD_20241029_S2A_MSIL2A_20241029T041911_R090_T46QCK_20241029T065346_0,keep,
BD_20241029_S2A_MSIL2A_20241029T041911_R090_T46QDJ_20241029T065346_0,keep,
BD_20241029_S2A_MSIL2A_20241029T041911_R090_T46QDJ_20241029T065346_1,keep,
BD_20241029_S2A_MSIL2A_20241029T041911_R090_T46QDK_20241029T065346_0,keep,
BD_20241029_S2A_MSIL2A_20241029T041911_R090_T46QDK_20241029T065346_1,keep,
BD_20241029_S2A_MSIL2A_20241029T041911_R090_T46QDK_20241029T065346_2,keep,
BD_20241029_S2A_MSIL2A_20241029T041911_R090_T46QDK_20241029T065346_3,keep,
BD_20241029_S2A_MSIL2A_20241029T041911_R090_T46QDL_20241029T065346_0,keep,
